timestamp,pair,price_spread,volatility,gas_cost,gas_price_gwei,liquidity_score,profit,trade_size,gross_profit,network_congestion
2025-06-19 21:11:39,WBTC/WETH,0.001545118637198295,0.029159564319390912,0.08174565249653264,28.304973704919703,1.0,1.4633729847017625,1000,1.545118637198295,high
2025-06-19 21:16:39,LINK/WETH,0.0007550043878997131,0.026091110201688018,0.08688472966316872,28.19191568300998,1.0,0.6681196582365444,1000,0.7550043878997131,high
2025-06-19 21:21:39,WBTC/WETH,0.0008935253947986638,0.02595414051066112,0.09114505604778439,28.075581004051145,1.0,0.8023803387508794,1000,0.8935253947986638,high
2025-06-19 21:26:39,WETH/USDT,0.0004663362791018019,0.027991381503966087,0.0790878928220278,27.95601620036366,0.9949432936908762,0.38529018492167516,1000,0.4663362791018019,high
2025-06-19 21:31:39,WETH/USDC,0.001199149485661742,0.022781265230700006,0.11011816710042441,27.833269096274833,1.0,1.0890313185613176,1000,1.199149485661742,high
2025-06-19 21:36:39,WETH/USDC,0.0014636244846477479,0.048498510033474954,0.1140109812825034,27.707388788989693,1.0,1.3496135033652445,1000,1.463624484647748,high
2025-06-19 21:41:39,WETH/USDC,0.0010397555813713578,0.02413710259678239,0.07501102992937252,27.578425628952772,0.9777762830995254,0.9433043416494632,1000,1.0397555813713577,high
2025-06-19 21:46:39,WBTC/WETH,0.0013342579191634868,0.03290537603319829,0.07076295472199465,27.44643119970859,0.8570468334063865,1.0828743582994957,1000,1.3342579191634867,high
2025-06-19 21:51:39,LINK/WETH,0.0006907225531973593,0.033143448041229276,0.09693358841366431,27.31145829726896,0.9975908873326063,0.592358460266876,1000,0.6907225531973593,high
2025-06-19 21:56:39,WETH/USDT,0.0007699558978787149,0.024187573335352028,0.07441141788613347,27.173560908995228,1.0,0.6955444799925814,1000,0.7699558978787149,high
2025-06-19 22:01:39,LINK/WETH,0.0010654243527526022,0.025094869539175967,0.07433584206491474,27.032794192004104,0.9578600722455929,0.9493241124490853,1000,1.0654243527526022,high
2025-06-19 22:06:39,WETH/USDC,0.0014236796897353463,0.029378161473320587,0.09713514798147427,26.889214451105513,1.0,1.3265445417538722,1000,1.4236796897353463,high
2025-06-19 22:11:39,WETH/USDC,0.0018204726443334695,0.033125630475642584,0.08538165047522346,26.74287911628145,1.0,1.7350909938582462,1000,1.8204726443334696,high
2025-06-19 22:16:39,WETH/USDC,0.0010656627509148617,0.02602998616086678,0.08191826433531192,26.593846719714733,1.0,0.9837444865795498,1000,1.0656627509148617,high
2025-06-19 22:21:39,WETH/USDC,0.0013202612327277217,0.025713059963451648,0.058454801392518144,26.442176872376912,1.0,1.2618064313352035,1000,1.3202612327277217,high
2025-06-19 22:26:39,WETH/USDC,0.0014216069117646214,0.03264645683027547,0.08430576611423063,26.287930240184686,0.977495691898373,1.3072061086440159,1000,1.4216069117646215,high
2025-06-19 22:31:39,WETH/USDT,0.002510699488075942,0.02733822219533907,0.112819030867523,26.131168519734338,1.0,2.397880457208419,1000,2.510699488075942,high
2025-06-19 22:36:39,WETH/USDT,0.0012344849435068517,0.02771793617912739,0.07072544665478565,25.97195441362392,1.0,1.163759496852066,1000,1.2344849435068517,high
2025-06-19 22:41:39,WETH/USDC,0.002236872558916827,0.026813925659342326,0.07297607171679402,25.81035160537305,0.9583849940252483,2.0738459219564596,1000,2.236872558916827,high
2025-06-19 22:46:39,WBTC/WETH,0.0018386740682621865,0.02873870994758691,0.1118586620682371,25.646424733950354,1.0,1.7268154061939494,1000,1.8386740682621865,high
2025-06-19 22:51:39,LINK/WETH,0.0031226593912744537,0.02563663384251052,0.08672906208414591,25.480239367918735,0.8410631691090027,2.553409183862938,1000,3.122659391274454,high
2025-06-19 22:56:39,LINK/WETH,0.002411788171742287,0.030692557050464774,0.06934487473203234,25.311861979208835,0.9292139316299695,2.176630945635167,1000,2.4117881717422867,high
2025-06-19 23:01:39,WETH/USDC,0.0028465288614791667,0.02671570942644763,0.07272887902930793,25.14135991653113,0.7508770387998548,2.0827827170450393,1000,2.846528861479167,high
2025-06-19 23:06:39,WBTC/WETH,0.002534429830468479,0.027967801843605224,0.07410121045210058,24.96880137843737,1.0,2.4603286200163788,1000,2.534429830468479,medium
2025-06-19 23:11:39,WETH/USDT,0.0028343915366060386,0.030622693786784783,0.09851552193807213,24.794255386042032,0.9328037091030877,2.5520352941284523,1000,2.8343915366060384,medium
2025-06-19 23:16:39,LINK/WETH,0.002550735783445065,0.03746963492293699,0.06930116876848061,24.617791755414828,0.8259386520714779,2.049512760849485,1000,2.5507357834450652,medium
2025-06-19 23:21:39,WBTC/WETH,0.0025718079076534595,0.0255564949011937,0.07356497329449414,24.439481069655198,0.8777720488313526,2.1928878189707195,1000,2.5718079076534597,medium
2025-06-19 23:26:39,LINK/WETH,0.00252703326119924,0.02955541994164684,0.08696951043287854,24.259394650659996,0.9612792328196812,2.3455826103678015,1000,2.52703326119924,medium
2025-06-19 23:31:39,WETH/USDT,0.003898932669604895,0.027848348544711105,0.07351225945479468,24.0776045305957,0.8787979634110414,3.361771665630939,1000,3.898932669604895,medium
2025-06-19 23:36:39,WBTC/WETH,0.0029476968904588296,0.026633485651590506,0.04853805074073623,23.894183423086506,0.8322711115955004,2.4128861502240984,1000,2.9476968904588294,medium
2025-06-19 23:41:39,WETH/USDC,0.0029619020238837316,0.029550143043742916,0.0680487658548052,23.709204694129827,1.0,2.8938532580289267,1000,2.9619020238837317,medium
2025-06-19 23:46:39,WETH/USDC,0.0034103893945080796,0.02313259279443095,0.07929440158250124,23.522742332750898,0.9454982157479715,3.149544372298136,1000,3.4103893945080794,medium
2025-06-19 23:51:39,LINK/WETH,0.0031163821784949922,0.023925017673484244,0.04720896272058058,23.334870921408143,0.906436624022793,2.782011008247737,1000,3.1163821784949923,medium
2025-06-19 23:56:39,LINK/WETH,0.0027560713452229745,0.026829939072393092,0.05781794171297422,23.145665606161177,0.970749691483382,2.6193286590013183,1000,2.7560713452229746,medium
2025-06-20 00:01:39,LINK/WETH,0.0031926909886212614,0.026123721125741163,0.05852777223899771,22.955202066613396,0.9213535933429169,2.887672541536993,1000,3.1926909886212615,medium
2025-06-20 00:06:39,WBTC/WETH,0.003242526283322107,0.02288497520175396,0.0619465732368248,22.76355648564114,0.8280370813083,2.6336379400074157,1000,3.242526283322107,medium
2025-06-20 00:11:39,WETH/USDC,0.0033538126664978698,0.026700508066876474,0.061641568669349826,22.570805518921553,0.9638372900294757,3.173117269244405,1000,3.35381266649787,medium
2025-06-20 00:16:39,WETH/USDC,0.003566751893910965,0.020917221637483687,0.08630576325078049,22.377026264271347,0.9035540813121418,3.1447713061450617,1000,3.5667518939109653,medium
2025-06-20 00:21:39,WBTC/WETH,0.004147826784007397,0.02029195513220446,0.11546106080513723,22.182296230808692,0.8247259339317617,3.325596587022407,1000,4.147826784007397,medium
2025-06-20 00:26:39,LINK/WETH,0.003051815777854784,0.021806597913755235,0.07422555570137965,21.986693307950613,0.8549485077095577,2.5456863170006234,1000,3.051815777854784,medium
2025-06-20 00:31:39,WBTC/WETH,0.0031633241465454493,0.02094439728122763,0.07201151494848607,21.79029573425824,0.9185441995511481,2.839507286752586,1000,3.1633241465454494,medium
2025-06-20 00:36:39,WBTC/WETH,0.0023550255495448646,0.027412134801257797,0.06913657386552906,21.59318206614246,0.7294655466296021,1.6674772511785076,1000,2.3550255495448646,medium
2025-06-20 00:41:39,WBTC/WETH,0.002642441523645514,0.022753456858542347,0.052746133252641755,21.395431146442366,0.7765625265658308,2.011060395399374,1000,2.642441523645514,medium
2025-06-20 00:46:39,WETH/USDC,0.00258901855782491,0.024526537877665042,0.05750071334991671,21.197122072889194,0.9832722700309628,2.4891712975608167,1000,2.58901855782491,medium
2025-06-20 00:51:39,WBTC/WETH,0.0017279483925764574,0.01860724066983311,0.08158073916267626,20.998334166468283,0.694144214929247,1.1428165822638159,1000,1.7279483925764574,medium
2025-06-20 00:56:39,WETH/USDT,0.0022149093366680916,0.01727552518402554,0.03229435636886263,20.799146939691727,0.9178556289449181,2.0033254454871487,1000,2.2149093366680916,medium
2025-06-20 01:01:39,WETH/USDT,0.0019952246569900508,0.017850445143010634,0.09142107619967636,20.599640064794446,0.6761949063804099,1.2873422840792363,1000,1.9952246569900507,medium
2025-06-20 01:06:39,LINK/WETH,0.0022480002331590238,0.022028319398989547,0.04309216832531368,20.399893341866342,0.7801347939944181,1.7201254989356773,1000,2.248000233159024,medium
2025-06-20 01:11:39,WETH/USDT,0.0028306372058318464,0.017100920795050968,0.01349744322611102,20.19998666693333,0.5626784537479432,1.5851438456148432,1000,2.8306372058318465,medium
2025-06-20 01:16:39,LINK/WETH,0.0021486909377358065,0.019219571470839247,0.07247065053130154,20.0,0.650179028912032,1.3499148901420852,1000,2.1486909377358065,medium
