timestamp,price_spread,volatility,gas_cost,liquidity_score,profit,regime,gross_profit,net_profit
2025-01-01 00:00:00,0.0015552479527812318,0.009996483095735429,0.010508788875743816,1.0,5.65763843539083,1,15.552479527812318,5.043690652068502
2025-01-01 00:10:00,0.0017769034569538942,0.006791616626249684,0.010607834268496772,0.9362943407349051,5.174367119008644,1,17.769034569538942,7.16120030104217
2025-01-01 00:20:00,0.0023509347763950132,0.005046125080069671,0.010450703586182015,0.7637963886718184,8.84430230286132,1,23.50934776395013,13.058644177768116
2025-01-01 00:30:00,0.0017756527694122437,0.011048081200761298,0.012166087465099382,0.8183425913212227,4.663633415413028,1,17.756527694122436,5.590440229023054
2025-01-01 00:40:00,0.001796714586860915,0.012614541093403224,0.010308331945007519,0.8097440081655904,7.683501231898766,1,17.967145868609148,7.658813923601629
2025-01-01 00:50:00,0.0018332265611578046,0.00835224068546202,0.017201268662179074,1.0,0.1543220294221519,1,18.332265611578045,1.1309969493989698
2025-01-01 01:00:00,0.0032088133291382926,0.012134732217172994,0.010613165798523718,1.0,21.612062117811185,1,32.088133291382924,21.474967492859207
2025-01-01 01:10:00,0.0016546663528387955,0.005,0.010949681329626478,0.8309041843560319,5.496253709692268,1,16.546663528387956,5.596982198761477
2025-01-01 01:20:00,0.00161230937239055,0.00919942198837543,0.014861450787324194,0.7984616999541062,1.4967145949504936,1,16.123093723905498,1.261642936581305
2025-01-01 01:30:00,0.002337447668630443,0.010151574680268019,0.013916988726363997,0.7741173715166043,7.073835820018049,1,23.37447668630443,9.457487959940433
2025-01-01 01:40:00,0.0014693382595456685,0.014082661184358601,0.010197004197414348,0.7340497538990958,2.3436001572556515,1,14.693382595456685,4.496378398042337
2025-01-01 01:50:00,0.002467156228782065,0.011095301573840336,0.01191719840012893,0.9542454037571452,11.654697313991841,1,24.671562287820652,12.754363887691722
2025-01-01 02:00:00,0.002759708582297022,0.011325545066849815,0.012042444194530835,0.5070382343865384,8.544320031299435,1,27.597085822970218,15.554641628439382
2025-01-01 02:10:00,0.0015288067149888491,0.010602086565742623,0.012131311531402572,0.8670492168243732,3.022752543923553,1,15.28806714988849,3.156755618485919
2025-01-01 02:20:00,0.0018060004916933727,0.011290741619633587,0.01024031283565053,0.7787259595660219,5.687991584640453,1,18.06000491693373,7.819692081283199
2025-01-01 02:30:00,0.0023705834354216084,0.014537827995049454,0.01615455919156244,0.8205359694349442,6.60670683254871,1,23.705834354216083,7.551275162653646
2025-01-01 02:40:00,0.002758294146754018,0.011240027405972079,0.01679272794785869,0.7946920359183972,8.312767032671683,1,27.58294146754018,10.79021351968149
2025-01-01 02:50:00,0.002728178265288197,0.007923227426113063,0.015914034915639502,0.9007670184963692,10.05202252959463,1,27.281782652881972,11.36774773724247
2025-01-01 03:00:00,0.0020112957640284787,0.008449684539142714,0.011235725739587296,0.8758071432500987,8.097983796370144,1,20.112957640284787,8.87723190069749
2025-01-01 03:10:00,0.0017799901486200624,0.01358139740225038,0.0207033944148751,0.6121843177051438,-1.7986839378616664,1,17.799901486200625,-2.903492928674474
2025-01-01 03:20:00,0.002248470249840451,0.007705357032607952,0.012095558898488916,0.8711458552828316,9.291697260871516,1,22.48470249840451,10.389143599915593
2025-01-01 03:30:00,0.002363286904396229,0.008416009845112683,0.01083143444067918,1.0,13.40298102943253,1,23.63286904396229,12.801434603283111
2025-01-01 03:40:00,0.001865934365572261,0.01233055504408026,0.013001511243195315,0.9880285640700406,7.342464534946258,1,18.65934365572261,5.657832412527293
2025-01-01 03:50:00,0.002011414493418185,0.010561476495850933,0.010619296319822669,0.9149477047631462,8.284509423488515,1,20.11414493418185,9.494848614359183
2025-01-01 04:00:00,0.0022449751075626695,0.00893249001278079,0.010770472441164873,0.7406544429410843,9.029183555469173,1,22.449751075626693,11.67927863446182
2025-01-01 04:10:00,0.002529246697182781,0.009586485573404729,0.010443833240317836,0.7825120061495645,11.361584956859422,1,25.29246697182781,14.848633731509974
2025-01-01 04:20:00,0.0020978351384985435,0.012571591221598163,0.013236288217131744,0.9341189901906194,8.27772243177342,1,20.978351384985434,7.74206316785369
2025-01-01 04:30:00,0.0021207299193646287,0.00899673793084231,0.016825369675583568,0.9389824191372635,4.740013076781364,1,21.207299193646286,4.381929518062719
2025-01-01 04:40:00,0.002868362021940236,0.006671349056542427,0.016822292047321757,0.9375739275518815,11.39803060787697,1,28.683620219402357,11.8613281720806
2025-01-01 04:50:00,0.0023887866702028493,0.012449511059686409,0.010027718816832983,0.9439608709948022,12.511956135404823,1,23.887866702028493,13.86014788519551
2025-01-01 05:00:00,0.002374102257549071,0.0050891897181167605,0.013531945859964438,0.7213044754196027,7.889095611718223,1,23.74102257549071,10.209076715526272
2025-01-01 05:10:00,0.0019564115460401522,0.0066989497029586245,0.014117072654997372,1.0,5.77726754695335,1,19.564115460401524,5.447042805404152
2025-01-01 05:20:00,0.0019096241204355111,0.010409235693915471,0.01137524892162106,0.7665728355561715,5.266054719510408,1,19.09624120435511,7.72099228273405
2025-01-01 05:30:00,0.002726190174028151,0.010134189657792227,0.012992003157209449,0.9019502837816861,14.033566338263581,1,27.261901740281512,14.269898583072063
2025-01-01 05:40:00,0.00167225077720877,0.00962991221578922,0.013845285409197413,0.7393661252908332,2.513298682244875,1,16.7225077720877,2.8772223628902864
2025-01-01 05:50:00,0.0022766062695626496,0.013224827605960544,0.020202526048366167,0.7729809422897393,0.7696871934448759,1,22.766062695626495,2.563536647260328
2025-01-01 06:00:00,0.0019084626519661266,0.008929350018474705,0.012441210976180684,0.9259771388776773,6.459904821110708,1,19.084626519661267,6.643415543480582
2025-01-01 06:10:00,0.002458372144764715,0.00735370581118023,0.023831709243538956,0.9087313077669,-0.23099920456859047,1,24.58372144764715,0.752012204108194
2025-01-01 06:20:00,0.0027685491687377516,0.01403290422434657,0.013636862668673469,0.6933495948064363,8.990351205772294,1,27.685491687377514,14.048629018704045
2025-01-01 06:30:00,0.0025084573473622383,0.011232737821675446,0.017333847885509908,0.9772571529459072,10.656637214027569,1,25.084573473622385,7.750725588112477
2025-01-01 06:40:00,0.0030028287011482253,0.013476561443937227,0.014765858424862615,0.8527096133039482,13.62159495457017,1,30.028287011482252,15.262428586619636
2025-01-01 06:50:00,0.0024569987912934723,0.00678319437594191,0.010109812312632572,1.0,12.966363446228755,1,24.569987912934725,14.460175600302152
2025-01-01 07:00:00,0.0021875036746714714,0.009072782882042277,0.010114190497848367,0.829210220131585,10.62337438453008,1,21.875036746714713,11.760846248866345
2025-01-01 07:10:00,0.0031382847558707725,0.008704404318500098,0.010729354010289712,0.7904450052424296,16.49861768781934,1,31.382847558707724,20.653493548418012
2025-01-01 07:20:00,0.0035441732034989506,0.012664981899745409,0.013043612344613847,0.5962286120013589,13.503563266248529,1,35.441732034989506,22.39811969037566
2025-01-01 07:30:00,0.0021907482956946365,0.005185097014217376,0.01024511550575101,0.9757480918470686,12.072136942259325,1,21.907482956946364,11.662367451195355
2025-01-01 07:40:00,0.002249429094651368,0.008347040272155985,0.010864017967379751,1.0,11.954258347902696,1,22.494290946513683,11.630272979133931
2025-01-01 07:50:00,0.002598804933893471,0.014925030328086567,0.012838091416112305,0.672094505106898,8.450627204022854,1,25.988049338934708,13.149957922822402
2025-01-01 08:00:00,0.0023071635120546917,0.014160476257962608,0.01030887075534344,0.41380989898963916,4.461848119725985,1,23.07163512054692,12.762764365203479
2025-01-01 08:10:00,0.0014590556185867885,0.005196466541638949,0.012870167298739403,0.8339933269954525,1.5393853135311588,1,14.590556185867884,1.7203888871284807
2025-01-01 08:20:00,0.0024614832823894837,0.015550660813811717,0.015824048359526315,0.7527737023428074,6.9871541471509415,1,24.614832823894837,8.790784464368521
2025-01-01 08:30:00,0.002339428841458177,0.008361725756839149,0.012644042133421872,0.9170276017876873,10.387977105455905,1,23.394288414581773,10.750246281159901
2025-01-01 08:40:00,0.002142534951812414,0.014969267130328808,0.01236644308172896,0.8772322357446625,8.417418511788314,1,21.425349518124136,9.058906436395176
2025-01-01 08:50:00,0.0022097124187868736,0.011561394859390147,0.011152471564884605,0.8115952864583683,9.562310158354958,1,22.097124187868737,10.944652622984131
2025-01-01 09:00:00,0.0029193585029677134,0.011995091391417526,0.01629824744226084,1.0,13.399040660955183,1,29.193585029677134,12.895337587416293
2025-01-01 09:10:00,0.002727871216979698,0.006961544047111448,0.01493262754973026,0.8968647609053778,11.166630137540727,1,27.27871216979698,12.34608462006672
2025-01-01 09:20:00,0.0021315591509164897,0.01229373934705403,0.018010413773197977,0.867347819515917,3.745760183993214,1,21.315591509164896,3.305177735966918
2025-01-01 09:30:00,0.0022637950915116514,0.011057309202765639,0.016985337042602897,1.0,5.669416945819827,1,22.637950915116516,5.652613872513619
2025-01-01 09:40:00,0.0023505289661497277,0.01125567094866544,0.010032690419845527,0.9486249528732663,12.676329377198147,1,23.505289661497276,13.47259924165175
2025-01-01 09:50:00,0.0034177100002000466,0.01431971766892776,0.011785043990868573,0.7490973927750447,15.802479886581482,1,34.177100002000465,22.392056011131892
2025-01-01 10:00:00,0.006012225604104201,0.038654590084429875,0.015430366259431436,0.49512801328621237,22.121152960578573,2,60.12225604104201,44.69188978161057
2025-01-01 10:10:00,0.004783841652844484,0.03650862683780958,0.015560276898986028,0.6619397181413437,20.915203006207722,2,47.83841652844484,32.27813962945881
2025-01-01 10:20:00,0.005492986487186725,0.02205536259433729,0.015339957402866086,0.6838663803921791,27.772239994031505,2,54.92986487186725,39.58990746900117
2025-01-01 10:30:00,0.00512374315915424,0.022146514237232885,0.028239740420834596,0.4922333668121346,11.149473232493726,2,51.2374315915424,22.997691170707807
2025-01-01 10:40:00,0.006507032542851263,0.029116572458148124,0.015530460935873461,0.5546513636885538,27.473703134596242,2,65.07032542851263,49.53986449263917
2025-01-01 10:50:00,0.006192524847593581,0.03147471237094273,0.01893999199741291,0.5836859777314714,25.411260833383857,2,61.92524847593581,42.9852564785229
2025-01-01 11:00:00,0.004776308530211308,0.033813247532780706,0.015344976191795047,0.6710441081591346,21.797461578489735,2,47.763085302113076,32.41810911031803
2025-01-01 11:10:00,0.0046102627132666215,0.048755721032582786,0.019444533778536097,0.7308480955081017,19.62969036233386,2,46.102627132666214,26.658093354130116
2025-01-01 11:20:00,0.005882542554047393,0.021066088562572725,0.016461930389528086,0.5763414062618845,23.331790005050305,2,58.82542554047393,42.363495150945845
2025-01-01 11:30:00,0.0029061955986548933,0.03418981936129981,0.022564082253695987,0.4652377992977463,3.416591812792342,2,29.061955986548934,6.497873732852948
2025-01-01 11:40:00,0.004284613276112535,0.05148064230451928,0.02714558262696203,0.588958332631214,9.021192877219846,2,42.846132761125354,15.700550134163326
2025-01-01 11:50:00,0.005953288797739165,0.023392517133984797,0.01715763164891143,0.5828190232121073,25.68735855130628,2,59.532887977391646,42.37525632848022
2025-01-01 12:00:00,0.004834704040012879,0.028124959652278982,0.021593773905928173,0.5530464437675339,13.516500115752784,2,48.34704040012879,26.753266494200616
2025-01-01 12:10:00,0.003092740218307303,0.04008935838158769,0.020012232926279624,0.3698828743896566,5.059475636671164,2,30.927402183073028,10.915169256793405
2025-01-01 12:20:00,0.005538494798207691,0.032816343664527695,0.018304394371905817,0.6254959354360963,24.11633171602505,2,55.38494798207691,37.080553610171094
2025-01-01 12:30:00,0.004076620661697878,0.031040619916719112,0.015131422596444427,0.6968063924377721,18.95738662029587,2,40.766206616978785,25.634784020534358
2025-01-01 12:40:00,0.006552985232578757,0.012815450026799619,0.01724091840402518,0.7329095340369229,35.281757802905155,2,65.52985232578757,48.28893392176239
2025-01-01 12:50:00,0.00423933894356185,0.042205910297857,0.019378907139088884,0.3444926340967268,7.883881469586678,2,42.393389435618495,23.01448229652961
2025-01-01 13:00:00,0.0028846231956123703,0.033869903831009074,0.019515688232809466,0.5815633040172817,5.366058912204238,2,28.846231956123702,9.330543723314236
2025-01-01 13:10:00,0.0033199863042435015,0.030125341552376943,0.016908626921076624,0.5905981354090242,10.385687533183399,2,33.19986304243501,16.291236121358388
2025-01-01 13:20:00,0.004769318351722401,0.020366769237044564,0.015876653178673983,0.3848866696151214,12.092532141582357,2,47.69318351722401,31.816530338550024
2025-01-01 13:30:00,0.004632125258214283,0.030413811394934532,0.02222922409721754,0.4950411738011121,12.097729989014622,2,46.32125258214283,24.092028484925294
2025-01-01 13:40:00,0.005618043855221886,0.03194099759211882,0.02238420832451989,0.48953817416135303,17.008148360444366,2,56.18043855221886,33.79623022769897
2025-01-01 13:50:00,0.006516822028388439,0.026028945028181753,0.01707140653350158,0.8467451570251925,40.526515279834236,2,65.1682202838844,48.096813750382815
2025-01-01 14:00:00,0.0045430719586473135,0.030094458716335454,0.018225506004937803,0.45415971784138925,12.41909808545885,2,45.43071958647314,27.205213581535336
2025-01-01 14:10:00,0.004101367920335046,0.022096784659536958,0.017131492431611123,0.503014067363621,11.147837502698751,2,41.013679203350456,23.88218677173933
2025-01-01 14:20:00,0.0056700598432554775,0.04287294375056496,0.02200519064570006,0.4689038820772355,16.26617466524704,2,56.70059843255478,34.695407786854716
2025-01-01 14:30:00,0.00462717028442953,0.045518912720563694,0.015614181000281904,0.4686572619922864,13.261630462112564,2,46.271702844295305,30.657521844013402
2025-01-01 14:40:00,0.0038116368599690536,0.03589404420136539,0.015483043520811991,0.5312835145752935,11.523918150228209,2,38.11636859969054,22.63332507887855
2025-01-01 14:50:00,0.0036052405384289746,0.022471769460152904,0.025218381522101617,0.607278244191724,5.9145068954320195,2,36.05240538428975,10.834023862188133
2025-01-01 15:00:00,0.004590409808386455,0.02534234529855528,0.030700768488570215,0.6355986577139615,9.882077806062929,2,45.904098083864554,15.203329595294338
2025-01-01 15:10:00,0.00499296068067357,0.028371531322455804,0.018661426898571337,0.3495892078317942,11.365706398341151,2,49.9296068067357,31.26817990816436
2025-01-01 15:20:00,0.004693449530288459,0.012321045989153338,0.018188182331901143,0.5312071084585501,15.024872672703173,2,46.934495302884585,28.746312970983443
2025-01-01 15:30:00,0.0040316935937479235,0.03012621166636088,0.017952546201128374,0.5022245838296762,11.269865264996625,2,40.316935937479236,22.364389736350862
2025-01-01 15:40:00,0.005613731789638338,0.021784829545154104,0.01632249975432031,0.7659493657242664,31.113445221781298,2,56.13731789638338,39.814818142063075
2025-01-01 15:50:00,0.003353312761232743,0.020510154026060504,0.02693650221699351,0.6556718810056963,3.8420336318758768,2,33.53312761232743,6.596625395333916
2025-01-01 16:00:00,0.005978453023913739,0.02556010980810911,0.018844922148894015,0.5820223620951601,23.91875097210396,2,59.78453023913739,40.939608090243375
2025-01-01 16:10:00,0.005234441595579494,0.024430353706179804,0.022582964771538035,0.6434662285344619,20.81080938816263,2,52.344415955794936,29.761451184256902
2025-01-01 16:20:00,0.005851044975268553,0.029637548296748403,0.017602236965012463,0.4985380469273942,18.61003658035607,2,58.51044975268553,40.908212787673065
2025-01-01 16:30:00,0.003148053011197649,0.03263249950067829,0.025342529322977626,0.7244108371775233,2.677526042948659,2,31.480530111976492,6.138000788998866
2025-01-01 16:40:00,0.004093956347123141,0.041962459478441946,0.015674895692773916,0.6764067174504158,18.0870526436871,2,40.93956347123141,25.264667778457493
2025-01-01 16:50:00,0.004573003652141804,0.038050496627465145,0.016681031481281104,0.7245503724816368,20.36260036132507,2,45.73003652141804,29.04900504013694
2025-01-01 17:00:00,0.00445667327396731,0.03377181441447172,0.016884035670952917,0.7930462445774391,21.59794890352691,2,44.5667327396731,27.682697068720184
2025-01-01 17:10:00,0.005128714293722279,0.0352637630182767,0.01961179893931826,0.6620152354835551,22.470996965841834,2,51.28714293722279,31.67534399790453
2025-01-01 17:20:00,0.002901469884797347,0.04122882184496649,0.017789583778445233,0.6270796262708147,9.153898229365499,2,29.014698847973474,11.22511506952824
2025-01-01 17:30:00,0.007084523962814728,0.029640231426739775,0.026508612110305318,0.48142883168320316,21.72210547239681,2,70.84523962814728,44.33662751784196
2025-01-01 17:40:00,0.0067943799850474305,0.026302546162081903,0.027256545985931135,0.5864658503915685,24.486543551860105,2,67.9437998504743,40.687253864543166
2025-01-01 17:50:00,0.006372419540813126,0.040326087511553664,0.01729124179534056,0.5762988152131515,26.417751297940566,2,63.72419540813126,46.4329536127907
2025-01-01 18:00:00,0.004470994801780384,0.012611899188532552,0.018468973608557464,0.565518064283042,15.342257063602386,2,44.70994801780384,26.240974409246373
2025-01-01 18:10:00,0.003283138735862141,0.02984262121580739,0.0177102705775927,0.5631385403871083,8.297104777293379,2,32.831387358621406,15.121116781028707
2025-01-01 18:20:00,0.004765951790324522,0.035285777924128285,0.018910060727033724,0.4474211744181914,13.276451340584549,2,47.659517903245224,28.7494571762115
2025-01-01 18:30:00,0.004975651598280204,0.025179228882943445,0.04095636726817841,0.986003970487479,8.724356320710775,2,49.75651598280204,8.800148714623631
2025-01-01 18:40:00,0.004297935494581794,0.031092107807261717,0.016033149726723747,0.98548902595355,25.669505970829583,2,42.97935494581794,26.946205219094193
2025-01-01 18:50:00,0.005278779834742124,0.006622939729418381,0.017615316623044112,0.7869127788746444,26.018963147720736,2,52.787798347421244,35.172481724377135
2025-01-01 19:00:00,0.0030970701514318284,0.020561135940496852,0.019647704692925056,0.5457163543150494,6.123472686961195,2,30.970701514318282,11.322996821393225
2025-01-01 19:10:00,0.004235355406933838,0.03244900189635173,0.016129468382400175,0.7082508096064852,17.669988501990037,2,42.35355406933838,26.224085686938203
2025-01-01 19:20:00,0.0036156694318803346,0.029864239303941408,0.019759645900142595,0.5473977708181819,8.792334911129817,2,36.156694318803346,16.397048418660752
2025-01-01 19:30:00,0.004696890323009368,0.03466600645990777,0.017277641202637896,0.43784050086001536,13.492785522822608,2,46.96890323009368,29.691262027455785
2025-01-01 19:40:00,0.0048854439404090975,0.021215752627664806,0.0174623384326551,0.4137748153576316,12.33621645590013,2,48.854439404090975,31.392100971435873
2025-01-01 19:50:00,0.005479338451269966,0.017802963460968102,0.01736986217675915,0.28771058881744166,12.124308741528155,2,54.79338451269966,37.42352233594051
2025-01-01 20:00:00,0.00406083942931746,0.016319342452663324,0.017791372034147643,0.7454581681679217,16.96357911728408,3,40.608394293174605,22.817022259026963
2025-01-01 20:10:00,0.004870333045826778,0.019639475044792083,0.013073716847744181,0.8256298157191914,29.269684650320453,3,48.703330458267786,35.629613610523606
2025-01-01 20:20:00,0.0025288045185920096,0.020524556639140695,0.013144355298224159,0.8293767882646523,9.288996294647164,3,25.288045185920094,12.143689887695935
2025-01-01 20:30:00,0.004777801499126448,0.01989442779064995,0.018373581092720498,0.8384044601470814,25.43896131579572,3,47.778014991264484,29.404433898543985
2025-01-01 20:40:00,0.0027281012793594055,0.020758580433932628,0.020849554418776686,0.5238688653002532,2.345579227652824,3,27.281012793594055,6.4314583748173675
2025-01-01 20:50:00,0.003178857724363827,0.018642654334505793,0.015327127988346418,0.7082723295512078,10.533860134355974,3,31.78857724363827,16.46144925529185
2025-01-01 21:00:00,0.0043374573530748925,0.012083756965451033,0.013269257542579982,0.6575901666752086,21.90286541033975,3,43.374573530748926,30.105315988168943
2025-01-01 21:10:00,0.003488596312490205,0.019302253750396254,0.012871184207678571,0.713654326064334,15.808550063342723,3,34.885963124902055,22.014778917223484
2025-01-01 21:20:00,0.002268756781061026,0.022658842349595754,0.017305139852928246,0.7947517264254558,5.69433442023683,3,22.68756781061026,5.382427957682015
2025-01-01 21:30:00,0.0023612447100738055,0.01622686062956096,0.018155365314856304,0.8948611608583282,5.661374101514367,3,23.612447100738056,5.457081785881751
2025-01-01 21:40:00,0.0022228313755085524,0.021976390345512208,0.012345782644583952,0.7888349856349931,8.292223964630422,3,22.228313755085523,9.88253111050157
2025-01-01 21:50:00,0.004168380204697019,0.01649710457586506,0.016743388004869703,0.883968567189656,22.91116664635604,3,41.68380204697019,24.94041404210049
2025-01-01 22:00:00,0.003127823915726928,0.02196687616433414,0.014419983598216468,0.8644427328698879,14.739146656617082,3,31.27823915726928,16.85825555905281
2025-01-01 22:10:00,0.0040069964872544075,0.0165414455492836,0.012124327884759162,0.6378415189387607,18.66740982666627,3,40.06996487254408,27.945636987784916
2025-01-01 22:20:00,0.004224971865607559,0.019148605942294904,0.018701138183876684,0.9407425708963997,21.74031635180325,3,42.249718656075586,23.548580472198903
2025-01-01 22:30:00,0.0024804396535685223,0.017467501307841273,0.01246251996289792,0.833320065745057,9.901734499721712,3,24.804396535685225,12.341876572787305
2025-01-01 22:40:00,0.0032730505104242133,0.01737562295317568,0.013363537373103642,1.0,19.524211552347754,3,32.730505104242134,19.366967731138494
2025-01-01 22:50:00,0.004056581553376808,0.018002733274758986,0.01544432343265951,0.8123425983913136,21.25964246893368,3,40.56581553376808,25.121492101108572
2025-01-01 23:00:00,0.004306434297809288,0.015657212359606862,0.013850576409442586,1.0,28.92349572029857,3,43.06434297809288,29.213766568650296
2025-01-01 23:10:00,0.00229839245479105,0.00915001852196923,0.016816143993505197,0.7369719774356215,4.320053744480646,3,22.9839245479105,6.167780554405304
2025-01-01 23:20:00,0.0027690929807954426,0.011484991979013754,0.012957820197454189,0.7947972668919828,11.897207037274812,3,27.690929807954426,14.733109610500238
2025-01-01 23:30:00,0.002727018812704046,0.02038696324946686,0.022781842513463196,0.9476483597714875,4.082182283413637,3,27.27018812704046,4.488345613577263
2025-01-01 23:40:00,0.005077820740755498,0.015795316989905103,0.012657944601324475,0.8249678312319585,31.841951544454794,3,50.77820740755498,38.12026280623051
2025-01-01 23:50:00,0.002385020911882261,0.018438942334814065,0.012699212772084122,0.7065289210362854,7.434119722012499,3,23.850209118822608,11.150996346738486
2025-01-02 00:00:00,0.0031348055437567766,0.017944815693912784,0.024517503179496386,1.0,6.373955223071797,3,31.348055437567766,6.8305522580713784
2025-01-02 00:10:00,0.003722720950709535,0.016392483547327297,0.01291501440206611,0.830438453127695,18.97718640316142,3,37.22720950709535,24.312195105029243
2025-01-02 00:20:00,0.0029008299052012184,0.01885232377627937,0.019557569320649126,0.7080816964273421,6.381727492711086,3,29.008299052012184,9.450729731363058
2025-01-02 00:30:00,0.003869362373746961,0.025764567840773463,0.014881493213651635,0.7734579158758926,17.779043051886212,3,38.69362373746961,23.81213052381797
2025-01-02 00:40:00,0.004111025117809347,0.012053902125187855,0.014465756942103553,0.7223583051445743,19.425902059055176,3,41.11025117809347,26.644494235989917
2025-01-02 00:50:00,0.001062421025753781,0.014228919919880302,0.01523095707571707,0.7265840836222668,-2.5118602137113126,3,10.624210257537811,-4.606746818179259
2025-01-02 01:00:00,0.0023524226126351603,0.02094197233476602,0.01959208116758529,0.8885982246038464,4.381059893711035,3,23.524226126351603,3.9321449587663118
2025-01-02 01:10:00,0.0037875360602603585,0.02338269806074657,0.018530712662235355,0.9600012034383731,19.506321775201684,3,37.875360602603585,19.34464794036823
2025-01-02 01:20:00,0.0030513671508008862,0.02070150815579932,0.01965916674498775,0.7749322879524719,8.528877159745612,3,30.513671508008862,10.854504763021112
2025-01-02 01:30:00,0.003025942694601583,0.019151697489254264,0.01813284271977086,0.8043117234402226,10.776315348539951,3,30.259426946015832,12.126584226244972
2025-01-02 01:40:00,0.004087940894302238,0.008315393980639997,0.02630338848470787,0.5960215788530121,9.284625579780197,3,40.87940894302238,14.576020458314513
2025-01-02 01:50:00,0.00456824406768058,0.01933452978659125,0.012407329262264986,0.8374075525566134,29.126792234510027,3,45.6824406768058,33.27511141454081
2025-01-02 02:00:00,0.004371123288650952,0.011246014751267712,0.021679179512046783,0.7330349578174208,16.3055373102991,3,43.71123288650952,22.032053374462738
2025-01-02 02:10:00,0.003267569437420051,0.017369534633046198,0.01514165422474187,0.9792569943387264,15.951781931546401,3,32.67569437420051,17.53404014945864
2025-01-02 02:20:00,0.0037855961321745166,0.012826508814446353,0.012089619200217042,1.0,25.71374191266973,3,37.85596132174516,25.76634212152812
2025-01-02 02:30:00,0.00232909855233124,0.016170626882994296,0.03306550354196512,0.5827979149375635,-7.4556134860865155,3,23.2909855233124,-9.77451801865272
2025-01-02 02:40:00,0.0039917030098694795,0.020503330034802522,0.012898014706031432,0.8365701070656799,22.152037695260262,3,39.917030098694795,27.019015392663363
2025-01-02 02:50:00,0.003379346694705763,0.011985196314871376,0.022352046358078758,1.0,10.58535277591795,3,33.79346694705763,11.441420588978872
2025-01-02 03:00:00,0.0041757050854423225,0.01593522480841599,0.012940700924942006,0.6122690863714334,18.79837192714159,3,41.75705085442323,28.81634992948122
2025-01-02 03:10:00,0.0039015656164533433,0.01915412707701796,0.012738763841739019,0.8514088019566557,22.737779987017465,3,39.01565616453343,26.276892322794414
2025-01-02 03:20:00,0.003872909655649841,0.02229094279399371,0.01554271950152483,0.8294781754552205,19.799796741047086,3,38.72909655649841,23.186377054973583
2025-01-02 03:30:00,0.0028181905730109186,0.01869927584029417,0.012481477496818818,0.6985411546911096,12.408147613556203,3,28.181905730109186,15.700428233290367
2025-01-02 03:40:00,0.003026848435404286,0.015934025036075394,0.015139939556369823,0.9260965323483087,13.48839369315913,3,30.268484354042858,15.128544797673035
2025-01-02 03:50:00,0.0033596992919581762,0.01642573939463104,0.012270738800304113,0.7321540521126385,13.674999908509816,3,33.596992919581766,21.326254119277653
2025-01-02 04:00:00,0.00428874732399555,0.0120944727238271,0.01908115501585117,0.6549535785306181,15.553864227602215,3,42.8874732399555,23.806318224104327
2025-01-02 04:10:00,0.0052751773968547355,0.01610030472909613,0.01636400393348786,0.7668553739255505,27.925665667748117,3,52.751773968547354,36.387770035059496
2025-01-02 04:20:00,0.0029415593501784174,0.016820219503958844,0.013554292407901257,0.6497569985157627,10.081111157007385,3,29.415593501784173,15.861301093882917
2025-01-02 04:30:00,0.004276062274438639,0.021173229035851258,0.012803992947328249,1.0,30.696336743388358,3,42.76062274438639,29.95662979705814
2025-01-02 04:40:00,0.004868295128715055,0.01678555474409609,0.019371732788837137,0.9342789830041599,27.892992850562553,3,48.68295128715055,29.311218498313416
2025-01-02 04:50:00,0.003658596201299462,0.02145669617682012,0.018119631394795867,1.0,17.9149803637271,3,36.58596201299462,18.466330618198754
2025-01-02 05:00:00,0.0033154225223552833,0.01871399860668149,0.012224100112748453,0.7022872994578327,14.311852374137926,3,33.154225223552835,20.930125110804383
2025-01-02 05:10:00,0.002844037023076387,0.016284925506024506,0.01761316715133965,0.7963468111608526,10.336024932979928,3,28.440370230763868,10.827203079424216
2025-01-02 05:20:00,0.0029172415822488916,0.021794338180329585,0.03219107243537173,0.8057005217252301,-2.3361081465343907,3,29.172415822488915,-3.0186566128828147
2025-01-02 05:30:00,0.0032293803957726195,0.01701322288984847,0.01211207561948503,0.7613935193864982,14.031369907653595,3,32.2938039577262,20.181728338241168
2025-01-02 05:40:00,0.004263762435270836,0.024407785336770516,0.013995276885866692,0.6161351505496488,16.476057164409987,3,42.63762435270836,28.642347466841663
2025-01-02 05:50:00,0.0024732069310361908,0.03191158694410815,0.016650917642959933,0.9618021250146944,7.741662070672695,3,24.732069310361908,8.081151667401976
2025-01-02 06:00:00,0.0031316249043615366,0.005715386845858497,0.015573301036713718,1.0,14.73990141986704,4,31.316249043615365,15.742948006901646
2025-01-02 06:10:00,0.002905499860332071,0.009107817306367415,0.015472583656980963,0.867454226923187,11.244824562676643,4,29.05499860332071,13.582414946339746
2025-01-02 06:20:00,0.0027771521067651364,0.014007483117752802,0.0097667918189848,0.9264904402666211,17.53113073637849,4,27.771521067651364,18.004729248666564
2025-01-02 06:30:00,0.0020409667930373593,0.011744942171470948,0.01033939144718138,0.7557977786418641,8.539754026208893,4,20.409667930373594,10.070276483192213
2025-01-02 06:40:00,0.002706404139858106,0.011730329050728544,0.009726984567443846,0.6357263715980022,11.224963347244177,4,27.064041398581058,17.33705683113721
2025-01-02 06:50:00,0.0031054000640467457,0.006325909722953235,0.012312421038790234,0.8977021798388211,16.54495069859368,4,31.054000640467457,18.741579601677223
2025-01-02 07:00:00,0.0023494762134945724,0.018620640820740428,0.014019279724825607,1.0,10.514473213275155,4,23.494762134945724,9.475482410120117
2025-01-02 07:10:00,0.0025800117227252947,0.008690793380747831,0.0091587089881709,1.0,16.682964947727886,4,25.800117227252947,16.641408239082047
2025-01-02 07:20:00,0.002879852580088741,0.009996156310900561,0.010026069149853326,0.8616854695689806,16.183386526334367,4,28.79852580088741,18.772456651034084
2025-01-02 07:30:00,0.002615414488681347,0.01359875565495821,0.01446570333083658,1.0,9.371437253421938,4,26.15414488681347,11.688441555976889
2025-01-02 07:40:00,0.003233249265261531,0.007797925077309401,0.00960875024697885,0.9914853728892391,22.009687382615414,4,32.332492652615315,22.723742405636465
2025-01-02 07:50:00,0.0029213026663710588,0.008507069984622511,0.013916351326313645,0.9725628357715365,15.168946745988274,4,29.213026663710586,15.296675337396941
2025-01-02 08:00:00,0.002755700834825582,0.014777144019812408,0.009083317457881546,0.9796348985258573,18.456855048725654,4,27.55700834825582,18.473690890374275
2025-01-02 08:10:00,0.0021139300076230376,0.0155358038517035,0.01184404806635554,0.9953953197858549,8.649029666843987,4,21.139300076230377,9.295252009874837
2025-01-02 08:20:00,0.0027639088997987076,0.011092221492292418,0.014524290344742535,1.0,14.262943892596583,4,27.639088997987077,13.114798653244542
2025-01-02 08:30:00,0.0018044943588113656,0.008463690647002647,0.01197377005636523,1.0,6.632111725597145,4,18.044943588113657,6.0711735317484266
2025-01-02 08:40:00,0.0026571333174160044,0.011280715394759845,0.011123106196529564,0.7582966124845436,10.399345613559086,4,26.571333174160046,15.448226977630481
2025-01-02 08:50:00,0.001867484382702594,0.00979574342607524,0.010261468081486827,1.0,9.22122941701322,4,18.67484382702594,8.413375745539112
2025-01-02 09:00:00,0.003213221501772885,0.009862159490177831,0.010976556747964304,0.8818633587270106,18.640451541658777,4,32.13221501772885,21.15565826976455
2025-01-02 09:10:00,0.003354660756203571,0.005,0.011059336181752746,1.0,22.93839867632485,4,33.54660756203571,22.487271380282962
2025-01-02 09:20:00,0.0031603799037202437,0.012400978454594754,0.00975337922954999,0.9216654968323287,20.581236649167327,4,31.603799037202435,21.850419807652443
2025-01-02 09:30:00,0.0020898422886458986,0.007731988302194017,0.009991288225335453,0.9769841226730217,11.76969921684996,4,20.898422886458984,10.907134661123532
2025-01-02 09:40:00,0.002080093509968687,0.014387491793623336,0.010440899101689577,0.9298597844963734,9.506001737995065,4,20.80093509968687,10.360035997997294
2025-01-02 09:50:00,0.0037031148233639625,0.01105392321315226,0.009305183385505272,0.7110509399702496,20.066953157216346,4,37.03114823363963,27.725964848134353
2025-01-02 10:00:00,0.0029137719058497896,0.015455287083218482,0.00911983423305564,1.0,20.129257152358182,4,29.137719058497897,20.01788482544226
2025-01-02 10:10:00,0.002528263275622991,0.01303914568429649,0.009643448054286421,0.7396092092300459,12.966546424956606,4,25.28263275622991,15.639184701943487
2025-01-02 10:20:00,0.0020673464173165492,0.009347152233204908,0.013094602098639614,1.0,7.1305035533342584,4,20.673464173165492,7.578862074525878
2025-01-02 10:30:00,0.002752948752632267,0.008675825411003021,0.01062285157249952,0.7718602371455731,13.297416604833433,4,27.529487526322672,16.906635953823155
2025-01-02 10:40:00,0.002620226277379051,0.011268926703685407,0.009064590641815251,1.0,18.436389381814493,4,26.20226277379051,17.137672131975258
2025-01-02 10:50:00,0.0034416301081165324,0.005173419588967137,0.010854094630478175,0.8294488148045404,20.854937659057605,4,34.41630108116532,23.56220645068715
2025-01-02 11:00:00,0.0029275697241947017,0.017021505667719383,0.009865151799615073,0.7848831075744972,14.665970326685061,4,29.275697241947018,19.410545442331944
2025-01-02 11:10:00,0.002210811274861092,0.010240617700342602,0.013350299513829982,0.9850678867686121,7.3823240589369385,4,22.108112748610917,8.757813234780937
2025-01-02 11:20:00,0.001661877202273527,0.012570003421271427,0.010093413873304388,1.0,8.082592419442694,4,16.618772022735268,6.525358149430881
2025-01-02 11:30:00,0.0027716395732189625,0.00869769782748788,0.017535249253697406,1.0,9.444607604028727,4,27.716395732189625,10.18114647849222
2025-01-02 11:40:00,0.0025033261321564582,0.008069329201449633,0.012810392978064635,1.0,11.251233551718821,4,25.03326132156458,12.222868343499947
2025-01-02 11:50:00,0.002446198559156055,0.006850119922362466,0.009446486432370489,1.0,15.128872690101984,4,24.46198559156055,15.01549915919006
2025-01-02 12:00:00,0.00275831492258244,0.010204165621596397,0.00936892080511805,1.0,18.680145188693597,4,27.5831492258244,18.21422842070635
2025-01-02 12:10:00,0.0021317995565656037,0.007383778321123203,0.010205550707452698,0.6745691940345055,7.9025060332811465,4,21.317995565656037,11.11244485820334
2025-01-02 12:20:00,0.002822639268823526,0.01904232906391201,0.015799024025597647,0.9876958461209571,12.273220001632202,4,28.22639268823526,12.427368662637614
2025-01-02 12:30:00,0.0025137284385815715,0.01406184110185867,0.014679514174256739,0.9901088471107854,10.611689052472983,4,25.137284385815715,10.457770211558977
2025-01-02 12:40:00,0.0026412358405693195,0.008203966928974474,0.009514579563089976,0.7945136125465554,14.475970124720405,4,26.412358405693194,16.897778842603216
2025-01-02 12:50:00,0.002666930481656712,0.011950666464109054,0.014347637667008419,0.9462459561882284,12.313540753127485,4,26.66930481656712,12.321667149558701
2025-01-02 13:00:00,0.002687428769618592,0.006992127780146876,0.010373219502307834,0.8942430645060648,13.962115176488222,4,26.87428769618592,16.501068193878087
2025-01-02 13:10:00,0.002776407428750998,0.010214425195656317,0.010529579135722276,0.9596711622215179,14.959074739534126,4,27.76407428750998,17.234495151787705
2025-01-02 13:20:00,0.001995105636419932,0.01204915032641286,0.011609550768165564,0.805022446109751,7.048851610663323,4,19.95105636419932,8.341505596033757
2025-01-02 13:30:00,0.0021715365437344992,0.011344200216827841,0.023234216337188997,0.9723001185803167,-1.7464476869185777,4,21.715365437344992,-1.5188508998440042
2025-01-02 13:40:00,0.0024521988694390143,0.009527544310285633,0.012181084568806096,0.9523530070693402,11.16991180885487,4,24.521988694390142,12.340904125584046
2025-01-02 13:50:00,0.001940105906136364,0.014810863386237303,0.011640300685611364,0.5669118297647067,5.1471216601509155,4,19.40105906136364,7.7607583757522765
2025-01-02 14:00:00,0.001845053850036667,0.010979345453147922,0.010237909995133927,1.0,7.959308481823762,4,18.450538500366672,8.212628505232745
2025-01-02 14:10:00,0.0027038233923274797,0.010935208440391246,0.010772589746803035,0.8680633327621275,14.433052497673005,4,27.038233923274795,16.26564417647176
2025-01-02 14:20:00,0.002652446383806881,0.012243077011932437,0.00931384112632702,0.6559762987559252,12.938207479025886,4,26.524463838068808,17.210622711741788
2025-01-02 14:30:00,0.0020963350299830785,0.010073540432730135,0.010059919006537002,0.9240580910114865,11.444770690469833,4,20.963350299830786,10.903431293293783
2025-01-02 14:40:00,0.00338153139078407,0.010111437590576795,0.015011302994074117,1.0,17.907353021350275,4,33.815313907840704,18.804010913766586
2025-01-02 14:50:00,0.0025847900662978856,0.013414174458960263,0.011737550604603306,1.0,14.349784122700742,4,25.847900662978855,14.110350058375548
2025-01-02 15:00:00,0.0027082255434678695,0.00869008443810322,0.00943933798914288,0.9632970046097018,18.373072412408877,4,27.082255434678697,17.642917445535815
2025-01-02 15:10:00,0.0028322203058725997,0.00870751264444983,0.009201998960013492,0.7479310565705455,13.523303222585998,4,28.322203058725997,19.120204098712506
2025-01-02 15:20:00,0.0020594889884687686,0.01340869728980224,0.009516490779928562,0.9923815289160189,10.427716500128167,4,20.594889884687685,11.078399104759123
2025-01-02 15:30:00,0.0030607218140077455,0.014672080303475447,0.01029915672073918,0.9015980241736796,18.109041637309087,4,30.607218140077457,20.308061419338276
2025-01-02 15:40:00,0.002929270389960496,0.01905052496689107,0.009115712785734595,1.0,21.616408373885566,4,29.29270389960496,20.176991113870365
2025-01-02 15:50:00,0.00225923424225259,0.012876124980887587,0.010114813509251874,0.793278620896845,8.325071657021729,4,22.592342422525903,12.477528913274028
2025-01-02 16:00:00,0.003940597129025966,0.021836977179983737,0.011725955951249756,0.7002815553413042,19.629729551720292,5,39.40597129025966,27.680015339009902
2025-01-02 16:10:00,0.0040478303218856706,0.021905559338413223,0.01718468882233755,0.7249317429320383,17.11234444404609,5,40.4783032188567,23.293614396519153
2025-01-02 16:20:00,0.0036357697031351374,0.03133009990811919,0.01452302782925789,0.8601673550231482,18.926286902333107,5,36.35769703135137,21.83466920209348
2025-01-02 16:30:00,0.0016710218621090018,0.025210550806536315,0.015272027718399278,0.6707074977375365,1.43369663661667,5,16.710218621090018,1.4381909026907405
2025-01-02 16:40:00,0.0042563140641502665,0.04033041257365101,0.013343031845225742,0.9113149594657557,27.081129979769308,5,42.56314064150266,29.22010879627692
2025-01-02 16:50:00,0.0013206928401278573,0.029860687474409328,0.015724941252632237,0.7292316024024339,-2.8156531354940477,5,13.206928401278573,-2.5180128513536655
2025-01-02 17:00:00,0.002316220181333838,0.026308664085619507,0.01535855315247485,0.5399238059587586,3.25666923571026,5,23.16220181333838,7.803648660863532
2025-01-02 17:10:00,0.00363611090952669,0.029939895441056873,0.011017303008253009,0.632265253037664,16.542632315618416,5,36.361109095266904,25.343806087013895
2025-01-02 17:20:00,0.0031206229832621444,0.017806455892408056,0.017906027520182912,0.6269484263203957,9.72011199051295,5,31.206229832621446,13.300202312438532
2025-01-02 17:30:00,0.0017168386173320002,0.036057689108567895,0.012755885262396113,0.5211515528144858,3.3096489842650634,5,17.168386173320002,4.412500910923889
2025-01-02 17:40:00,0.0037007088025860523,0.024016360374693194,0.013720389057989509,0.646809391880426,16.711258459620314,5,37.007088025860526,23.28669896787102
2025-01-02 17:50:00,0.0036824975844841714,0.029226167728203974,0.016752730573077062,0.6272701674866539,12.588021087524249,5,36.82497584484172,20.072245271764654
2025-01-02 18:00:00,0.0025733050367772008,0.031182904610153137,0.013403376249610122,0.8523051675065889,9.595293673274817,5,25.73305036777201,12.329674118161886
2025-01-02 18:10:00,0.0023330452566759194,0.019788704620484945,0.011822512532536024,0.9770174614863196,11.748107706817335,5,23.330452566759195,11.507940034223171
2025-01-02 18:20:00,0.0027084812799660686,0.020667716245895675,0.012740656118860105,0.7892494459044719,11.023352291431944,5,27.084812799660686,14.34415668080058
2025-01-02 18:30:00,0.0030638234807770165,0.024936169708530097,0.012484294112011471,0.7711329370366806,12.584350115059841,5,30.638234807770164,18.153940695758692
2025-01-02 18:40:00,0.0032250660843212,0.026295205474003942,0.017087641574241027,0.7207582187356563,11.339750844213727,5,32.250660843212,15.163019268970977
2025-01-02 18:50:00,0.0019188614820124653,0.021329826236795763,0.01127731761884197,0.7458727642424046,7.3186223895997085,5,19.188614820124652,7.911297201282682
2025-01-02 19:00:00,0.00423513038695825,0.026691717006173815,0.011479936158441988,0.5853206462476165,18.68251312194032,5,42.3513038695825,30.871367711140515
2025-01-02 19:10:00,0.0034015186092509597,0.018784688305100085,0.011936084257775903,0.716028166214771,16.103151203846494,5,34.015186092509595,22.07910183473369
2025-01-02 19:20:00,0.0032849228675338993,0.01818926156248287,0.011213516439985086,0.7478970692613617,14.241893563985016,5,32.84922867533899,21.635712235353907
2025-01-02 19:30:00,0.004075977346723756,0.021323135587154853,0.013710497438926814,0.5156181214670186,13.523854750883409,5,40.759773467237565,27.04927602831075
2025-01-02 19:40:00,0.002842443468350963,0.011751902846939789,0.022799945731996785,1.0,4.332383498788437,5,28.42443468350963,5.624488951512845
2025-01-02 19:50:00,0.0038092729225622478,0.015838486734018088,0.011953606892352522,0.7800853795846414,21.309657046901243,5,38.09272922562248,26.139122333269956
2025-01-02 20:00:00,0.00200865494347701,0.02267509864599188,0.0150604417719881,0.7728473270364936,3.222341696059731,5,20.0865494347701,5.026107662782
2025-01-02 20:10:00,0.0023045220819882506,0.021289514023359452,0.02061354986041834,0.8154839706236502,2.7061365621430165,5,23.045220819882505,2.4316709594641672
2025-01-02 20:20:00,0.0005084142282965249,0.018259236852634118,0.01337095239238232,0.7610655161830329,-6.45312256631815,5,5.084142282965249,-8.28681010941707
2025-01-02 20:30:00,0.0038249676969781105,0.021744155920663963,0.011987502199469624,0.6775884716726951,17.0322839788096,5,38.249676969781106,26.262174770311482
2025-01-02 20:40:00,0.004137337355054612,0.017515243609658764,0.012980306558226568,0.826712325139493,24.179386252779615,5,41.37337355054612,28.393066992319554
2025-01-02 20:50:00,0.0023532488313058684,0.02227349036802898,0.014528967012332177,0.6860463605691685,7.09558958802781,5,23.532488313058685,9.003521300726508
2025-01-02 21:00:00,0.0022177207561330575,0.022504844890190258,0.014322157908849812,0.9552632931709013,7.145783082522717,5,22.177207561330576,7.855049652480764
2025-01-02 21:10:00,0.003237206442157531,0.026214956361591796,0.01492830608883808,0.6534675251523807,12.222898241114947,5,32.37206442157531,17.443758332737232
2025-01-02 21:20:00,0.002450061899615488,0.021214652541364263,0.011544492166626003,0.8641357114735362,12.845871811170822,5,24.50061899615488,12.956126829528877
2025-01-02 21:30:00,0.0020064886775259818,0.020018721952271414,0.01332193058267006,0.7380537913131427,5.338561819599093,5,20.06488677525982,6.742956192589759
2025-01-02 21:40:00,0.002103584592551153,0.016118068209900915,0.01104186930810569,0.711712208684662,8.06274401316858,5,21.03584592551153,9.993976617405842
2025-01-02 21:50:00,0.004689228225461273,0.02800534471057442,0.017445480313476244,0.7752691464404421,23.883275034792007,5,46.89228225461273,29.446801941136485
2025-01-02 22:00:00,0.002447917313192567,0.0206891547946134,0.012461414227415637,0.9458954875990784,12.40513955607857,5,24.47917313192567,12.017758904510032
2025-01-02 22:10:00,0.00330212588620799,0.015470623932984703,0.016770296751840164,0.7141601851245458,11.312330579649043,5,33.021258862079904,16.25096211023974
2025-01-02 22:20:00,0.0021270680815647374,0.02655152137374479,0.014201101030651475,0.9385589935033639,7.433866406015847,5,21.270680815647374,7.069579784995899
2025-01-02 22:30:00,0.002587873913220326,0.022655551161388912,0.011445426928697384,0.5731440313260296,9.222510252473787,5,25.878739132203258,14.433312203505873
2025-01-02 22:40:00,0.002637386045097888,0.01705913745272549,0.016987049459972346,0.8286397016464753,8.475322096965302,5,26.373860450978878,9.38681099100653
2025-01-02 22:50:00,0.0010135455057112752,0.024442434414748977,0.011788948358543464,0.8270861774488373,-1.2239160285659079,5,10.135455057112752,-1.6534933014307125
2025-01-02 23:00:00,0.003678447123763562,0.01546868759736079,0.0188449418042438,0.8751348998610241,16.23756725520743,5,36.78447123763562,17.939529433391822
2025-01-02 23:10:00,0.0032291412091785664,0.005985630323762517,0.017597535533127984,0.42409956809789456,6.9096040439308375,5,32.291412091785666,14.693876558657681
2025-01-02 23:20:00,0.0024200448482204493,0.022327210172948253,0.017449313075192336,0.8132526702396666,5.900863535443061,5,24.200448482204493,6.751135407012157
2025-01-02 23:30:00,0.0032275210815113134,0.02023404742347451,0.012091042956104154,0.805093097010201,17.720681153619395,5,32.275210815113134,20.18416785900898
2025-01-02 23:40:00,0.0025825560241579375,0.007863030193699846,0.014010236406371388,0.7055598834736677,7.493472573055912,5,25.825560241579375,11.815323835207986
2025-01-02 23:50:00,0.002097714089369017,0.030404634156923432,0.013968305912251925,0.7343326172193793,5.011758757026278,5,20.97714089369017,7.008834981438245
2025-01-03 00:00:00,0.003783457562352491,0.020438872463490968,0.011402903360099298,0.924526315193248,25.216934665926406,5,37.83457562352491,26.431672263425614
2025-01-03 00:10:00,0.0039585353517765974,0.0452140031799764,0.012857467838912097,0.6518886475308865,15.959098929063037,5,39.585353517765974,26.727885678853877
2025-01-03 00:20:00,0.004475841290452157,0.04101774050171486,0.014292715116980059,0.5830418359404432,19.074747994752013,5,44.75841290452156,30.465697787541504
2025-01-03 00:30:00,0.0030195241800028026,0.02007952751895689,0.012601617833746899,1.0,17.45291531633526,5,30.195241800028025,17.59362396628113
2025-01-03 00:40:00,0.003467685162248673,0.04040789415610575,0.011242792809037231,0.7660563573118071,17.35783326310333,5,34.67685162248673,23.434058813449496
2025-01-03 00:50:00,0.0016059930854745899,0.008268617035634184,0.011720315916470624,0.5242919438953497,2.883269922697325,5,16.0599308547459,4.339614938275277
2025-01-03 01:00:00,0.0021838768161545046,0.02391456636614509,0.013800860950551332,0.6633704859738669,3.831972437053155,5,21.838768161545048,8.037907210993716
2025-01-03 01:10:00,0.0026296105360739297,0.023970073473596313,0.014167650121492851,0.7021419096500072,7.879076037346343,5,26.296105360739297,12.128455239246446
2025-01-03 01:20:00,0.004093380425023027,0.01932041594523919,0.012656027003960369,0.6520654841382657,16.99645076943826,5,40.93380425023027,28.2777772462699
2025-01-03 01:30:00,0.0016344795731675912,0.036865667310917005,0.012221511466437017,0.6775408422474841,2.9111279034841995,5,16.344795731675912,4.123284265238896
2025-01-03 01:40:00,0.005439504786828522,0.01419282446963735,0.012519760378791841,0.41862725713669485,17.36123255247501,5,54.39504786828522,41.875287489493374
2025-01-03 01:50:00,0.002218902731042465,0.022797129237589666,0.01464434390817503,0.5864401383835731,5.55325108227253,5,22.18902731042465,7.544683402249618
