timestamp,price_spread,volatility,gas_cost,liquidity_score,gas_efficiency,profit
2025-01-01 00:00:00,0.0022483570765056164,0.015,0.007097155029285223,0.5130849873956341,0.7380848645691779,2.074417312230369
2025-01-01 01:00:00,0.0019408511910790906,0.005,0.011133084949032474,0.7772428351960381,0.6424034120853014,0.08964940412147515
2025-01-01 02:00:00,0.002343711202129852,0.005,0.011832150569026912,0.10460156770123408,0.6282955955687222,0.815680850622144
2025-01-01 03:00:00,0.002791066948870147,0.005,0.013839135245095405,0.40835764600410085,0.5910316518179575,-0.7550538185861794
2025-01-01 04:00:00,0.0019218651468691972,0.005,0.013718231418128652,0.6979368602274746,0.5931509204022775,-0.6552937374572305
2025-01-01 05:00:00,0.00193087407538583,0.005,0.006614632778732828,0.6932644317739107,0.7514663142743627,0.2597173163814175
2025-01-01 06:00:00,0.0028460706550931993,0.005,0.007547659996775709,0.1517575866454772,0.7260144782656996,-0.27139283519114116
2025-01-01 07:00:00,0.0024481391333002235,0.030445111158632146,0.011670866259584422,0.4790901870395049,0.631495199281058,0.7155905844192255
2025-01-01 08:00:00,0.0018369984161224764,0.03762949068436088,0.011666492898168823,0.3748437832297114,0.6315824131303325,0.3961973346733545
2025-01-01 09:00:00,0.002349612712755731,0.04824406115206302,0.011670909742152832,0.5603737953460367,0.6314943322698661,0.5352435605189221
2025-01-01 10:00:00,0.0018524382520745586,0.04119735924854836,0.03176625428077976,0.5310610184020736,0.386352079706601,-0.7781631736245718
2025-01-01 11:00:00,0.001856255859221015,0.005,0.011868077661757055,0.7786116837043399,0.6275872743965597,0.7851224873444984
2025-01-01 12:00:00,0.00221418504437974,0.005,0.014058887879225535,0.34779853960821905,0.5872182342218856,0.6977361963769708
2025-01-01 13:00:00,0.0011397156962128204,0.005,0.01331359404719759,0.5423465566068735,0.6003555176804,-0.7672068134589891
2025-01-01 14:00:00,0.0012360860567423295,0.08704752972123973,0.012158183332584652,0.47053635656534715,0.6219256788593145,-0.17140878485253036
2025-01-01 15:00:00,0.0018186057340399192,0.07022472851005963,0.009097542477216078,0.4402153146459872,0.6873432701631204,0.36529543155958344
2025-01-01 16:00:00,0.0015935418001369387,0.0797796227757343,0.01255696961379447,0.5761369207905009,0.6143077883859913,0.4373028833869312
2025-01-01 17:00:00,0.0022562901473428838,0.07156607201289872,0.007930670057686311,0.33981556565394977,0.7160587253615188,0.11089242839526858
2025-01-01 18:00:00,0.0016433727253272138,0.007475562930632243,0.00931419435178775,0.34855480355099944,0.6822633349560325,0.20354415138834175
2025-01-01 19:00:00,0.0013884781581010959,0.06536914736332004,0.008644955992826489,0.5754950070796728,0.6982032021626623,0.3165411636604262
2025-01-01 20:00:00,0.0028237541271433453,0.09792888426132676,0.010248663786665113,0.17779352709902535,0.6611862309374751,-0.03240445407284426
2025-01-01 21:00:00,0.00197343278642162,0.12918759318734643,0.020025023430098265,0.3182978511016051,0.49968740268020123,-0.37341035236844566
2025-01-01 22:00:00,0.0021146137427259207,0.07229946112887485,0.00571106508026432,0.7626094887709796,0.7778752042190542,1.2264661519871527
2025-01-01 23:00:00,0.0013621964281109434,0.13670923056279233,0.012286033754168637,0.09019809543529989,0.6194628969381439,-0.05312273407721046
2025-01-02 00:00:00,0.001795354955792524,0.05444575436689905,0.006164273775080793,0.39098155351068775,0.7644011132098866,0.7111776957445612
2025-01-02 01:00:00,0.002115308509265329,0.07984403362022266,0.008679861160907824,0.5422525182507768,0.6973534456038812,0.1497343484469852
2025-01-02 02:00:00,0.0014760533484709949,0.18288241154869933,0.013863649517948232,0.7720634241723154,0.5906037974259009,-0.10609563329306367
2025-01-02 03:00:00,0.002230586997196219,0.11656735413729498,0.010194711431512465,0.49944197197344953,0.6623676482341594,0.4902740646557336
2025-01-02 04:00:00,0.001733179470056188,0.07809573224342689,0.007237397349211033,0.4894873831581696,0.7342845479536733,0.9010399684689512
2025-01-02 05:00:00,0.00187807805802476,0.07676872727346627,0.008068712920977593,0.680998286269189,0.7125371247447789,0.2592830845522965
2025-01-02 06:00:00,0.001713258694691288,0.04541807184030969,0.012261501784632662,0.7417546020467817,0.6199339427381132,0.47864098618585776
2025-01-02 07:00:00,0.0029302971584977983,0.005,0.008032333660463364,0.7521281689967373,0.7134618274113896,1.7262023493247174
2025-01-02 08:00:00,0.001987413973288275,0.005,0.010670924110617113,0.4175603403773493,0.652083384506721,1.2074884061199245
2025-01-02 09:00:00,0.001455369966107725,0.005,0.010137654349921116,0.5757128758860333,0.6636216530916696,-0.2493072675402574
2025-01-02 10:00:00,0.0023857183458489114,0.005,0.008224397064300877,0.2994365127225528,0.7086068111370443,0.1394860451424827
2025-01-02 11:00:00,0.0013544998522455266,0.005,0.019025274267212008,0.9160285089296483,0.5124883905506198,-0.9706867230109439
2025-01-02 12:00:00,0.0020601797531728926,0.005,0.012094620895755541,0.6899067172336482,0.6231573840663426,-0.24797375544908118
2025-01-02 13:00:00,0.000967181323969263,0.005,0.005446876455789284,0.041323668398529044,0.7859510787010524,0.8998024557976363
2025-01-02 14:00:00,0.001274721186456513,0.005,0.01057530311020246,0.5639554672727052,0.6541227057639974,-0.4982646338305333
2025-01-02 15:00:00,0.0020296540020161642,0.005,0.008199303023827398,0.6377969296792683,0.7092373872893497,0.36340535685902076
2025-01-02 16:00:00,0.0022935530404669126,0.005,0.012914040023500656,0.5971973436441793,0.6076434246819892,1.2563639976400303
2025-01-02 17:00:00,0.002003856429488544,0.005,0.007883948613625402,0.7200589898664561,0.7172585302437068,-0.0013494945027985317
2025-01-02 18:00:00,0.0018550182815645208,0.03097313122257947,0.009661647289541046,0.28470710322515363,0.6742713850235881,0.631238704798789
2025-01-02 19:00:00,0.0017578315585304101,0.005,0.011635738612474541,0.6109068912213065,0.6321963980355318,-0.34347605023942596
2025-01-02 20:00:00,0.0011655787974273347,0.005,0.012965755003161559,0.7150003424347385,0.6066901849535045,0.5296846808414646
2025-01-02 21:00:00,0.0015423248840361358,0.005,0.006976142899735544,0.4819760490738134,0.7413958353622181,-0.6778085687833524
2025-01-02 22:00:00,0.0016703115141567598,0.02515074809598054,0.009045204450013904,0.3627042386595278,0.6885818288667762,-0.5989790414150673
2025-01-02 23:00:00,0.002428568787353048,0.005,0.008672017820531437,0.48334077574093576,0.6975442093119242,0.4822112220785031
2025-01-03 00:00:00,0.0020721926839006467,0.005,0.008220132459411828,0.3509737550378038,0.7087138952577704,0.9246915168980518
2025-01-03 01:00:00,0.0010202346610561999,0.005,0.01698314471880118,0.043094562990086537,0.5407868950049715,-0.04470067843814397
2025-01-03 02:00:00,0.0020661495572310835,0.005,0.011291831704056341,0.4959382210386319,0.6391444319767133,0.2968199066119227
2025-01-03 03:00:00,0.0017148773915590684,0.005,0.006850488110162678,0.6825133299295997,0.7448654161497412,1.3758938374952985
2025-01-03 04:00:00,0.0015731935342750054,0.005,0.013170028465079926,0.5405907794463161,0.6029539595076078,1.2161140928033938
2025-01-03 05:00:00,0.0022226114001980437,0.005,0.01890132361395514,0.3274655086502427,0.5141213239547809,0.44500405976390023
2025-01-03 06:00:00,0.002438223312492377,0.005,0.013630700946919542,0.8022951553526785,0.5946947115841168,0.5511629663524804
2025-01-03 07:00:00,0.00239508602700106,0.005,0.006339336457095753,0.588961315366384,0.7593205710621479,0.8281791060414363
2025-01-03 08:00:00,0.0015172645746014486,0.005,0.008647885767569197,0.5260389309832498,0.6981317980065732,-0.3009959134802972
2025-01-03 09:00:00,0.0017903252578146292,0.06543279355062645,0.014623918442738623,0.2210561952457402,0.5776353717178544,0.12290042381829588
2025-01-03 10:00:00,0.0021191714977604062,0.08408116024115318,0.008087213654850042,0.6165011085685007,0.712067784500455,-0.006902533716639847
2025-01-03 11:00:00,0.002450384897078156,0.017607869356905434,0.011424165830167582,0.5481687803802459,0.6364528531350785,0.992919223149793
2025-01-03 12:00:00,0.0017324713312574626,0.05017476285290638,0.012616119339876813,0.28020231255532324,0.61319373379738,1.134722914823375
2025-01-03 13:00:00,0.001888954261240882,0.005,0.007572368902996149,0.5877113907918164,0.7253638622913791,1.023918979955675
2025-01-03 14:00:00,0.0014385235727152365,0.03898511293774731,0.009823008953499369,0.45585594586960515,0.6706231430632771,-0.026602039979944925
2025-01-03 15:00:00,0.0014035780780080995,0.0945163805943428,0.0037818181685987493,0.5555035588871781,0.8409785937396401,0.8330799786533403
2025-01-03 16:00:00,0.002417917831682149,0.045530626617322996,0.0073541795700660835,0.6047993109512279,0.7311496931856869,1.8278414874622326
2025-01-03 17:00:00,0.002699632013094193,0.09064637041780679,0.009270289858876188,0.46740022427860495,0.6832867080041922,1.6137623701038561
2025-01-03 18:00:00,0.0019951490755611713,0.10372077972285104,0.006877465093942543,0.2234818185358658,0.7441177927343847,-0.2096982427362451
2025-01-03 19:00:00,0.002542251441007672,0.13595170975029044,0.0163186476933157,0.5538286237106701,0.550681296530788,0.7593463922100749
2025-01-03 20:00:00,0.002230229347637678,0.21869618790795878,0.0065113231186785915,0.2602894028606185,0.754394637735337,0.3319714794643997
2025-01-03 21:00:00,0.001735284099136258,0.18605716331701938,0.00876329299502528,0.11075702684205146,0.6953306773135842,0.49843190375598534
2025-01-03 22:00:00,0.0022463964626260858,0.13126463876744296,0.010400015184349565,0.515049261941389,0.6578944082335964,0.8131598025238498
2025-01-03 23:00:00,0.0028419151872455723,0.0751624534094225,0.01540923615111642,0.33839847553013164,0.564824384085716,-0.7446071400545524
2025-01-04 00:00:00,0.00206145376682994,0.028355693820208333,0.006500157761715539,0.2841027841448513,0.7547124881231372,0.22698691964544257
2025-01-04 01:00:00,0.0028673654899698596,0.023165038967482295,0.0141757707019047,0.42152378100987553,0.5852099188763972,0.7103994778178868
2025-01-04 02:00:00,0.0007799982575362905,0.03940613381156626,0.01003074635330804,0.2945103301179369,0.665984113904545,-0.7828807812451986
2025-01-04 03:00:00,0.002504751249865086,0.050800060396910596,0.007449392591159826,0.8805129598123312,0.7286135725437172,1.840048269620717
2025-01-04 04:00:00,0.002140315501322234,0.08857921680902073,0.011487001999998992,0.17005282360940296,0.6351827334974807,-0.5933806389393631
2025-01-04 05:00:00,0.001949313148154766,0.081871389722014,0.010615370539079934,0.6338798192600269,0.6532666320164371,0.16352382645599012
2025-01-04 06:00:00,0.002145734722805212,0.14786095460767845,0.008352158678700898,0.42901291616763143,0.7054136592084143,1.232885475498449
2025-01-04 07:00:00,0.001106109676883531,0.1213420174850128,0.01021161418885804,0.38535449500519464,0.6619970675838945,-0.4091537013698492
2025-01-04 08:00:00,0.001989099880743582,0.24671627406599247,0.008908367592110061,0.33158282681423007,0.6918412095139742,0.6511486700244296
2025-01-04 09:00:00,0.0022755452668403817,0.25482801404764355,0.01034641721073881,0.66624181748371,0.6590563841889882,-0.05004502530088972
2025-01-04 10:00:00,0.0028330200780387355,0.18798733482206506,0.012197418065307147,0.7732145060731569,0.6211678203337082,2.2880674902452016
2025-01-04 11:00:00,0.0018310820742388058,0.11714397643680294,0.016093092422385213,0.49849632437016794,0.5541226494517784,-0.04172387764632414
2025-01-04 12:00:00,0.0016812130893622344,0.1310531995552819,0.0068980615913535655,0.13567048379560812,0.7435480037129902,0.18216506133605875
2025-01-04 13:00:00,0.0018289701894700808,0.10827474033346118,0.01896310227214662,0.38775716366059526,0.513306149502816,0.06340681623784633
2025-01-04 14:00:00,0.0025311407686384483,0.13464729100471967,0.005567570334604457,0.19399071942314802,0.7822409301415308,0.6867955533702221
2025-01-04 15:00:00,0.0022306724778380603,0.14634444313292497,0.009554856549866117,0.6704147132425818,0.6767077338458812,0.09531401667958461
2025-01-04 16:00:00,0.001793611617405657,0.12956855318678884,0.011930286548078319,0.7744231513035525,0.6263645636216087,0.46243711509589974
2025-01-04 17:00:00,0.0023067358022024666,0.07577201196468972,0.010879525771663371,0.5156471031700568,0.6476783402662556,0.2990776264914612
2025-01-04 18:00:00,0.0020897506231981958,0.005,0.008296014651749782,0.7561409802518143,0.7068133179229618,0.10807180657203919
2025-01-04 19:00:00,0.00251623233150138,0.005,0.00939472552928573,0.7723595175783528,0.6803941741205972,1.7113865219797983
2025-01-04 20:00:00,0.0016712624444713484,0.02067825099563896,0.008625171205180318,0.9657639385375602,0.6986857775153005,0.6049705775351948
2025-01-04 21:00:00,0.0018486143690518222,0.030815113102585265,0.008379394578743387,0.8268000975869748,0.7047366688710235,0.9568863279965103
2025-01-04 22:00:00,0.001806423465979257,0.005,0.012903075865097237,0.2865482960064808,0.6078459072337216,0.23781483516791055
2025-01-04 23:00:00,0.0012607274138877597,0.005,0.011130507244570034,0.66607464663413,0.6424566051196778,-0.06906243745936744
2025-01-05 00:00:00,0.0021306274604099896,0.005,0.008123102921880978,0.2159029949871837,0.7111590799761695,1.27214230177752
2025-01-05 01:00:00,0.0021033515734488503,0.005,0.013098072154829977,0.36284773972049544,0.6042648014797265,0.2643034503413566
2025-01-05 02:00:00,0.0019659088153960377,0.005,0.010965729935695084,0.33394714891002625,0.6458752963851637,-0.4886639396940099
2025-01-05 03:00:00,0.0018369528439348946,0.005,0.012761639136575085,0.44817359355645686,0.6104700658176778,0.05114011001743851
