timestamp,price_spread,volatility,gas_cost,gas_price_gwei,liquidity_score,gas_efficiency,profit,trade_size,regime,gross_profit,slippage_cost,mev_cost
2025-01-01 00:00:00,0.0019295507227663248,0.006463553258866211,0.06391561065948778,19.973628331089934,0.40560125705148664,0.23833467745537681,0.7325455596297044,973.1277455154374,0,1.8776993447032764,0.007103705079787177,0.0006068304859313904
2025-01-01 00:15:00,0.0018115652661294503,0.008287429540413529,0.07073254763200855,22.103921135002672,0.8789700641026996,0.22042806602450585,-1.085580056179246,1406.4785561828248,2,2.547927699936704,0.006020981978456295,0.001055788564364667
2025-01-01 00:30:00,0.0018543708400346878,0.0020928432095287815,0.07662417955574301,23.94505611116969,0.5773689780816501,0.20698752726238562,0.5137913610447115,522.9691261268389,2,0.9697786977280328,0.003169133081622401,0.00010147973811428892
2025-01-01 00:45:00,0.0017660620887701187,0.0055322819216292165,0.0766138872571535,23.94183976786047,0.5107328491206415,0.20700957768904135,-0.21551033600872038,523.197693490151,2,0.9239996114049244,0.0032042471946670138,0.00025559131728839423
2025-01-01 01:00:00,0.0021386638037138913,0.00035666389684389056,0.07628153747357046,23.83798046049077,0.6126464713346759,0.20772414447048118,0.5610822296568235,465.3747030239209,2,0.9952800325213612,0.0031471357628645863,1.774902274249914e-05
2025-01-01 01:15:00,0.0018587450536834403,0.04169786719185709,0.09299327326381765,29.060397894943016,0.5401836454796369,0.17700168711197375,0.009268987680891324,31.740632745942094,2,0.0589977441173025,0.00019937987110943468,0.0001230040049411224
2025-01-01 01:30:00,0.0012473459180478608,0.017198501570188086,0.0901078876606389,28.15871489394966,0.6924054019132014,0.18164002983729524,0.5914273030395152,759.8988129264907,2,0.9478566824332731,0.002770380150697393,0.0008150857320570958
2025-01-01 01:45:00,0.001749168505496741,0.01101768669689712,0.07963576833322646,24.88617760413327,0.700211752698717,0.20073112632715473,1.6005939920327357,1357.0430564762655,2,2.373696974991319,0.006882213317253653,0.0013076324791913396
2025-01-01 02:00:00,0.0018203966071653492,0.006437368170325838,0.07395902810939008,23.1121962841844,0.5719651653224727,0.21285873643472947,-0.5426807158496859,1086.9580419168813,2,1.9786947316365822,0.006498240280273241,0.000636879324211438
2025-01-01 02:15:00,0.001994140696598357,0.006794525249337433,0.09100913267578044,28.440353961181387,0.7379593549240496,0.1801653568307135,1.2756886759313044,915.3745579718467,2,1.8253856586823913,0.00508574702390535,0.0006201314473847975
2025-01-01 02:30:00,0.001635879778850291,0.0025009894969904973,0.08908468807561619,27.83896502363006,0.5353825251088258,0.183343788691372,0.8813651066125544,1064.5323991200844,2,1.7414470256515333,0.00591021421044795,0.00021776703603599128
2025-01-01 02:45:00,0.0017665344805618919,0.005313055769879938,0.10549534535528446,32.967295423526394,0.8005083818413218,0.1593684605861585,0.9808751252643042,755.5092562854209,2,1.3346331516118672,0.003468010684413538,0.00035454901834222396
2025-01-01 03:00:00,0.001563598493599764,0.014874131941283572,0.10058277157768862,31.4321161180277,0.675152091408626,0.16586117351859403,-0.04050377388792946,26.056681368263867,2,0.04074218773562642,0.00012118941890331897,3.0300233797812637e-05
2025-01-01 03:15:00,0.0014952707064255517,0.02127600450523591,0.1003853096001482,31.370409250046315,0.8216748566699804,0.16613322727190444,1.6214368523903053,1391.859390907283,2,2.081206574686971,0.005275807531565241,0.002213988022968329
2025-01-01 03:30:00,0.0016484088731467303,0.0023459925725552483,0.09504678375176848,29.70211992242765,0.7100934456537605,0.17384232177366335,1.724552021580601,1535.5622868923256,2,2.5312344989827946,0.007263933413492884,0.0002969128667004621
2025-01-01 03:45:00,0.0024156283417460047,0.002799757946358443,0.0883119525611145,27.597485175348282,0.6869740004478938,0.18465182768000693,0.9913779564869312,635.9216119661064,2,1.536150268994132,0.004514865458230639,0.00021504244612084904
2025-01-01 04:00:00,0.0022646380996735696,0.001175215219937216,0.09653264786364447,30.166452457388896,0.8201454962681781,0.1716257234916872,1.6336239636753391,924.5821896967221,2,2.0938440530668125,0.0053174499553021,0.00012303586996695732
2025-01-01 04:15:00,0.0018610410893974997,0.009873009648251607,0.10463900915224551,32.69969036007672,0.6156483219090303,0.1604634065693684,-0.47093619171295087,881.5004144699199,2,1.6405084916494472,0.005172613558362746,0.0008098378083046841
2025-01-01 04:30:00,0.0014463574247371295,0.0043547953047163085,0.08499572276923141,26.561163365384814,0.5799583643225763,0.19048394994106296,0.9334386508807518,1175.644404712271,2,1.7004020136062556,0.0055435229565255805,0.00037024513524913394
2025-01-01 04:45:00,0.0021134651670931424,0.002367939462659842,0.11496439824255243,35.92637445079764,0.761393416216187,0.14818722759802797,2.872901045629939,1844.9467283131448,2,3.899230645432287,0.010589607601939825,0.00046165710596658596
2025-01-01 05:00:00,0.001734763372899724,4.158680654093057e-05,0.12423422968759228,38.82319677737259,0.7304330813326314,0.13866333978639814,1.905559080106068,1579.8956226446528,2,2.7407450591685474,0.0076979327196957355,5.698941727682685e-06
2025-01-01 05:15:00,0.0019902086250885285,0.007908621073584726,0.0869648976409536,27.176530512798003,0.8321267605608353,0.1869772274932053,1.267738782585142,811.542887293052,2,1.6151396539198797,0.004043695485390303,0.0006386763751886551
2025-01-01 05:30:00,0.00173746473257741,0.01741588099550918,0.09333588399321895,29.167463747880923,0.8930901980234298,0.17646661670893776,1.8829338396245108,1271.2319307501184,2,2.208720646604619,0.005125842954059424,0.0019233407966795068
2025-01-01 05:45:00,0.0018345321575491942,0.00022404227684085892,0.11001742878914314,34.380446496607235,0.8442625625817042,0.15382553082506475,2.4210878606980715,1627.1784342863564,2,2.985111163768869,0.00736490301670007,3.343955508769218e-05
2025-01-01 06:00:00,0.0013695644685443947,0.008918570836405777,0.10314509933633147,32.23284354260359,0.8990057327741164,0.16241003586652192,1.3858293843666953,1204.172582197389,2,1.6491919825728985,0.003798060772530053,0.0007354217759704438
2025-01-01 06:15:00,0.002399340498783809,0.003181793184090269,0.1120559634938522,35.017488591828815,0.8365968613402166,0.1514509414861154,1.9035131596943593,997.6502977799138,2,2.393702763087074,0.0059608211596952195,0.00038081335681642485
2025-01-01 06:30:00,0.0018027008008126115,0.0023041382078455397,0.10956272214907388,34.238350671585586,0.8604434005922329,0.15436538896572544,1.7979429465337013,1223.0000473335929,2,2.2047031647221296,0.005332448958560747,0.00025399703993971186
2025-01-01 06:45:00,0.0017559621505383114,0.0003168712983953658,0.1010060633885847,31.564394808932718,0.8056204313278157,0.16528097386140347,0.8334449902974548,648.3642387182633,2,1.1385030629518569,0.002940911328829342,1.803794718923279e-05
2025-01-01 07:00:00,0.0017738199506138511,0.0031639349543494716,0.12367028790515959,38.646964970362376,0.869897482092776,0.13920762804625622,-0.5013351874914073,721.3594379479595,2,1.2795617625956848,0.0030585461465858824,0.00020242250934627537
2025-01-01 07:15:00,0.001055530888071224,0.01407599588925731,0.11610958298013561,36.28424468129238,0.8459639639640029,0.14694042522280656,-0.15916682537982194,467.98288239945134,2,0.49397038746122407,0.0012162084961335258,0.0003476562571659515
2025-01-01 07:30:00,0.0019336795939709252,0.0017291452309329798,0.1065062363996032,33.283198874876,0.8675157525411513,0.15809497277924497,1.83784516719302,1153.5322582851215,2,2.230561788833138,0.005347666477678341,0.00019284826397310788
2025-01-01 07:45:00,0.0019451723484705306,0.007948952000990642,0.126437861781833,39.51183180682281,0.8238135789564492,0.13657670056529866,1.388633510328021,934.298546988881,0,1.817371698818966,0.0045953320436001865,0.0007223100200935392
2025-01-01 08:00:00,0.0015880582453825407,0.002136340720075289,0.1070988357790122,33.468386180941316,0.9266503905374293,0.15735785365315358,0.764676805438097,588.4409693259602,0,0.9344785332589858,0.0020745879729150794,9.981822713187007e-05
2025-01-01 08:15:00,0.002132284033760408,0.05236857126520569,0.09992785240541498,31.227453876692184,0.779762538596661,0.1667669319416326,1.4402097417022601,917.9102941897474,0,1.9572454647251174,0.00520766724693301,0.005124907430147898
2025-01-01 08:30:00,0.0012182722991518967,0.020441166338893417,0.11336162440336076,35.42550762605024,0.8537975044943982,0.14996817929803197,1.183360616058379,1234.999130381585,0,1.5045652300205665,0.0036690440338810336,0.0015377534067282919
2025-01-01 08:45:00,0.000829308611366508,0.004332451514699618,0.11462163863288656,35.81926207277705,0.9914053576989627,0.14856452649889396,1.4920558264309414,1957.356152998996,0,1.6232523131932877,0.0032883584453752587,0.0003516330971516959
2025-01-01 09:00:00,0.0026693853168657574,0.0008993331139305426,0.11614273035254101,36.29460323516907,0.7697151597733716,0.14690464887996654,2.9965346985007324,1506.033932351929,0,4.020184865721837,0.010817732619896462,0.000180774268693303
2025-01-01 09:15:00,0.0013963740956883751,0.037014324475145834,0.11682618055867829,36.508181424586965,0.6525250595287512,0.14617085647160152,-0.20505194916540123,-142.07392874117,0,-0.1983883537668459,-0.0006035816517796634,-0.00036716054492080276
2025-01-01 09:30:00,0.0009196567146165942,0.001478641894436102,0.11437720160334172,35.74287550104429,0.9092357654645621,0.14883477078973967,0.8300453584912937,1119.6542334101728,0,1.0296975338045609,0.0023397741929855193,7.61276956040479e-05
2025-01-01 09:45:00,0.001484552388355964,0.0030292826901471477,0.11315480527809779,35.36087664940556,0.8505297302854907,0.15020111334494765,2.063158000553821,1714.6621313564274,0,2.545505762328712,0.006232443823222755,0.00038555282717460935
2025-01-01 10:00:00,0.0017135265095508151,0.010906649345574717,0.10213824000467432,31.91820000146073,0.9806979498273518,0.1637488799513943,0.454720848783743,331.06325439488376,0,0.5672856627437988,0.0011674206544611118,0.00030935929011592867
2025-01-01 10:15:00,0.001879810012017212,0.01605524186082241,0.1000582486585247,31.26820270578897,0.8696951325898099,0.16658580500274445,1.9920418607319412,1275.779635106212,0,2.398223331200323,0.005733947181976893,0.0019252027809344198
2025-01-01 10:30:00,0.0023919429264826664,0.0007333815516194138,0.11256075279523346,35.17523524851046,0.8251931953208236,0.15087421863765357,1.6429297184420293,881.678907234477,0,2.1089256255884745,0.005323814900922413,7.733235737720091e-05
2025-01-01 10:45:00,0.0013104543205934484,0.012521947305346472,0.10650832446104683,33.28385139407713,0.8806687796800005,0.15809236336979704,-0.8593072623779411,1575.1452654580803,0,2.0641559186818554,0.004867266571484877,0.0012923625821876618
2025-01-01 11:00:00,0.0011841967959962706,0.0014833389628174903,0.11068218648240837,34.58818327575262,0.9489977090119279,0.15304304693962462,1.2429062269655164,1202.1285975067262,0,1.4235568335429556,0.00306492764667316,0.00010558086584896792
2025-01-01 11:15:00,0.0009322131877072696,0.002984912451632096,0.08495765275659527,26.54926648643602,0.9502539700672352,0.19055304186709962,0.4124240068220909,557.9922727203968,2,0.5201677552687053,0.0011179643527083787,7.763276048195375e-05
2025-01-01 11:30:00,0.0008383786259739773,0.004999032179479232,0.09498630091327366,29.683219035398018,0.6511658334569044,0.17393376290176202,0.42762802577616676,899.5742608546902,2,0.7541838327769114,0.002297622931734857,0.0001885094624647382
2025-01-01 11:45:00,0.0013290772475503707,0.008393405699578369,0.12256568939858013,38.30177793705629,0.9147067795128322,0.14028620830419236,1.0144511923499395,929.1521619761884,2,1.2349149979947887,0.002785819627610217,0.0005182571291332135
2025-01-01 12:00:00,0.0021775222480146803,0.0005398002251316108,0.10172655092899065,31.78954716530958,0.9210137176976464,0.16430269195474886,1.784056868760793,938.4108925949754,1,2.0434105964048737,0.004571025411491516,5.51516749987835e-05
2025-01-01 12:15:00,0.003033382694318343,0.09483586057580626,0.09744999003185603,30.453121884955014,0.8966523084132223,0.1702852422088362,-2.0623662937746956,1559.6314723876314,1,4.730959117854878,0.010928719347174917,0.02243322896453623
2025-01-01 12:30:00,0.005707571200741399,0.040316444635744166,0.09952273683989878,31.100855262468368,0.8381595068243575,0.1673321790379523,2.672491964657015,578.690039304885,1,3.3029146024924696,0.008209465189538178,0.00665808868539893
2025-01-01 12:45:00,0.0026212561798440548,0.0334853823064065,0.11196994348310334,34.99060733846979,1.0,0.1515496595068307,-1.9047259818054019,1501.525654830592,1,3.9358834019190803,0.007871766803838161,0.00658972802133501
2025-01-01 13:00:00,0.002902340803541946,0.05649684901429961,0.10792534145338574,33.72666920418305,0.8092193741794047,0.1563411891090221,-0.947799203685614,848.87516203924,1,2.4637250198997673,0.006337543043238544,0.006959635023101474
2025-01-01 13:15:00,0.0035100988217730833,0.039571849641493115,0.07149406671171343,22.341895847410452,0.679628638457701,0.21859340959253176,2.5904733465829275,1111.7555531645826,1,3.902371857262684,0.011555368269992157,0.0077212036190396575
2025-01-01 13:30:00,0.0015792153997363219,0.05834812018202414,0.07480272140243815,23.375850438261924,0.8198409752670127,0.21096440802685265,-0.6364554563788494,1036.188793140517,1,1.6363652991616984,0.00415714852753502,0.004773941956859033
2025-01-01 13:45:00,0.0028515127792161326,0.06014250888577229,0.06683098532522433,20.8846829141326,0.8845864434076036,0.2303325238691034,2.4224346086999,989.0973309590827,1,2.820423679118393,0.0066173927419501824,0.008481367809151026
2025-01-01 14:00:00,0.003821384099697297,0.0368925673721091,0.07290719547365691,22.783498585517783,0.9930637810310897,0.21526857955443116,3.682097004630941,993.1985827773389,1,3.7953932720672126,0.007669763580558987,0.0070010900996694625
2025-01-01 14:15:00,0.0031715473734752492,0.008103693625967565,0.07832616985950379,24.476928081094936,0.9005833288860241,0.20340464831059302,4.8536400305807375,1728.6792791355106,1,5.4825882273233155,0.012600358466594106,0.0022214607635782377
2025-01-01 14:30:00,0.001884620251813588,0.016576864871679142,0.07780731318532197,24.31478537041312,0.8273563736341737,0.20448368683949716,2.144257694637029,1421.2249624530723,1,2.6784693466220664,0.00674420067657575,0.0022200312210944356
2025-01-01 14:45:00,0.0021136836191883997,0.0013909877403306139,0.05844769113873166,18.264903480853647,0.9650206995671511,0.25494695522180233,-0.804894909995585,818.6421552100351,1,1.7303505134445385,0.00364228037828081,0.00012034481753380682
2025-01-01 15:00:00,0.001316566848208641,0.03732076788965253,0.052847182853730176,16.51474464179068,0.8710206807083593,0.27454733617026744,1.9995252470408527,1791.3936270610457,1,2.3584894614808065,0.005629568018856521,0.0044010318881058386
2025-01-01 15:15:00,0.001743986779924456,0.0038942250508802803,0.06104830551238463,19.0775954726202,0.8782382316344932,0.2467664175526025,-0.8419585547947637,1137.3405369964264,2,1.9835068607939494,0.004691559630394059,0.0003862111052948351
2025-01-01 15:30:00,0.0011209697772413946,0.0024163526813556595,0.0747911159466023,23.37222373331322,0.8848255415832665,0.21099023679884088,1.1001589858799512,1178.8121296619472,2,1.321412770396607,0.0030994045413193674,0.0001596499645462726
2025-01-01 15:45:00,0.001892983064336436,0.005482026621971317,0.07406393607863584,23.1449800245737,0.9422765285432375,0.2126213385678475,0.9646184389013895,581.3404603343042,2,1.1004676460263856,0.002391503730316255,0.0003016396466067377
2025-01-01 16:00:00,0.0012453861843443916,0.02207240959273683,0.07757395976511793,24.241862426599354,0.8510386819382186,0.20497272067408578,-0.363691978409018,751.25067079743,2,0.935597206390576,0.002289297791897734,0.0010325442376636564
2025-01-01 16:15:00,0.002005501494539622,0.00031979821704596984,0.05849626313367371,18.280082229273034,0.947382563765883,0.25478919889398277,1.1877799377189295,655.7482460364122,2,1.3151040874677604,0.0028378003913262055,2.1028397120102847e-05
2025-01-01 16:30:00,0.001790365283972291,0.006352087167049781,0.11903686923177292,37.19902163492904,0.8679244897438356,0.14384673727556554,1.5130627420293061,1043.0364324968375,2,1.8674162186606458,0.004474752287142017,0.0005930995299047459
2025-01-01 16:45:00,0.001678805455207957,0.004405836295317238,0.06376369698575354,19.926155308047985,0.7648255103557727,0.23876692075090217,1.6403651207216592,1319.3915397241046,2,2.215001714444053,0.005992739122154511,0.0004879467473843758
2025-01-01 17:00:00,0.0023081838449139592,0.010523638524567062,0.046964180389054914,14.676306371579662,0.8639009647164689,0.29866713642729714,2.3126823094779216,1183.6161497111068,2,2.732003675342439,0.00657947654450038,0.0014375309563546246
2025-01-01 17:15:00,0.0022956249919047745,0.001092880827822138,0.05315331825268786,16.61041195396496,0.7027422545204385,0.27339839774479596,2.848294519059576,1794.0220780347909,2,4.1184019183656035,0.01190948444442739,0.0002250461248923841
2025-01-01 17:30:00,0.0019761356095403934,0.016146266250117256,0.07371401412798494,23.03562941499529,0.8630614889722562,0.21341525262898312,0.8818070665752396,556.1209973943824,2,1.0989705061641593,0.002649415166660896,0.0008872135196776322
2025-01-01 17:45:00,0.001406248732312615,0.006601856472611196,0.036208974846256715,11.315304639455224,0.9372507449632176,0.35581506431498133,1.356260095208055,1057.434521769441,2,1.4870159557418727,0.00325395934183558,0.0004908532956145303
2025-01-01 18:00:00,0.0021261774025222897,0.010773782305350844,0.058523141964478526,18.28848186389954,0.7420521376333934,0.2547019833853234,0.5203646659087026,358.5303353508526,2,0.7622990971417213,0.002114498462058546,0.00041064222620852014
2025-01-01 18:15:00,0.0015918691664910532,0.002176949460953846,0.04026164295041416,12.581763422004425,0.8807296083081826,0.33188607247991647,0.7184479968525661,539.0645141983689,2,0.858120178901862,0.0020232853473725566,9.340421304470132e-05
2025-01-01 18:30:00,0.002139209779120627,0.005490344838884499,0.06336215015150662,19.80067192234582,0.7560658958355052,0.23991703625267563,2.5841949379398157,1632.2891886692319,2,3.491808994754095,0.009538931886654785,0.0009585617746359307
2025-01-01 18:45:00,0.0012927523845320849,0.003949363436487741,0.027470579452923107,8.584556079038471,0.853592015058031,0.42131358476114955,0.8222513956272541,768.4175667642671,2,0.9933736417508489,0.0024230607830513194,0.0001961596769750737
2025-01-01 19:00:00,0.0018070639790095937,0.0004397501929088411,0.027148329754325157,8.483853048226612,0.9136846366563249,0.4241931814809473,-0.4804083543358814,598.3181019698645,2,1.0811990900591313,0.0024423704570341767,2.3772875421318324e-05
2025-01-01 19:15:00,0.001904593749989388,0.0254644982152019,0.016,5.0,0.603442172415803,0.5555555555555556,-0.0840137357019351,-64.98843779147364,2,-0.12377657243921485,-0.0003948068508953688,-0.00015759541539810977
2025-01-01 19:30:00,0.0018758844954893583,0.025135482183842536,0.03151672077278792,9.848975241496225,0.7040918552336033,0.3882234680310701,0.7582190865346841,593.3226761055412,2,1.113004808928639,0.0032140511822357325,0.0013987956272678436
2025-01-01 19:45:00,0.002294677734288813,0.009035126713370404,0.061707489969609626,19.28359061550301,0.7722853769669891,0.2447756014465604,-0.7688058343892712,897.3598629025106,2,2.059151697046853,0.005525000251476133,0.0009302348252435011
2025-01-01 20:00:00,0.001591985275358693,0.0006956640704685215,0.01789473352341637,5.592104226067615,0.8341430030835068,0.527777823998719,0.4106590054737132,321.29852010689456,2,0.5115025130047152,0.0012775138381760352,1.77916960125869e-05
2025-01-01 20:15:00,0.0009757162474835499,0.0007694809955288379,0.05472227829783037,17.10071196807199,0.7792738925358471,0.2676577917001323,0.6160192180234,868.6083055087656,2,0.8475152363840577,0.0022562366901989588,3.2607343390933155e-05
2025-01-01 20:30:00,0.0023074278128473414,0.001913450725366555,0.038299510789987445,11.968597121871078,0.7844211108006757,0.3430560519117575,2.9217528396383314,1635.3155303291117,2,3.7733725374625924,0.009987123455409449,0.0003610081209443018
2025-01-01 20:45:00,0.002594047473312313,0.02337904306826071,0.01884633005099832,5.889478140936976,0.9862345095486201,0.5148491498101251,1.6296803802980473,646.3473298358336,2,1.6766556578428045,0.00342255127803047,0.001959930241767496
2025-01-01 21:00:00,0.0018245227935749465,0.02138097478437534,0.022426104090409002,7.008157528252814,0.5369116119764126,0.47140788504597275,0.5031867622181636,528.3084753150322,2,0.9639108552511032,0.0032669494829722194,0.0010304676845254751
2025-01-01 21:15:00,0.001974037918798332,0.02927400866250527,0.019743547849044592,6.169858702826436,0.8808536168537021,0.5032263369129686,-0.37069758892739074,438.0492665674535,2,0.8647258625059516,0.0020385386018038445,0.0012656996194845783
2025-01-01 21:30:00,0.001964554043849423,0.009788819934117092,0.09872103161444601,30.850322379514378,0.7247626595512446,0.16846214801225157,0.5374184853331859,429.1179537421,2,0.8430254113124322,0.0023821470390459204,0.00041261119756111987
2025-01-01 21:45:00,0.002334072589941557,0.02770082418056131,0.024080827286326847,7.52525852697714,0.8070195349242895,0.4537119929735001,2.3591603821917,1267.7887234442146,2,2.9591109092281385,0.007631373616876642,0.004098490551365479
2025-01-01 22:00:00,0.002059153884729027,0.01613135567669028,0.029670051320072638,9.2718910375227,0.9571414400711545,0.402657123728753,1.9845380724598607,1024.3343684415254,2,2.1092620940378213,0.004489723995664528,0.0017012628527142317
2025-01-01 22:15:00,0.0018993296981967048,0.01458504826873529,0.02108134280567828,6.587919626774463,0.8051595033176345,0.48683900364706656,2.2364404615969873,1478.428439637787,2,2.8080230420626635,0.007257395896758376,0.0020477575804102427
2025-01-01 22:30:00,0.001274220763630759,0.004042083796524,0.016003618154367016,5.001130673239693,0.765463535049149,0.5554997254511801,1.9424671110152947,2009.9189458271276,2,2.5610804539877727,0.006924161176374584,0.0005176050902329152
2025-01-01 22:45:00,0.0015445029233162476,0.017797359670290544,0.019765159096523502,6.176612217663595,0.8799330767926634,0.5029528475279887,0.0974876456056111,84.80443404542609,2,0.1309806962933405,0.000309140740197169,0.00011655552808988362
2025-01-01 23:00:00,0.0016247501242998433,0.002124527026558252,0.016,5.0,0.794866499332771,0.5555555555555556,1.5199868638062162,1190.0393542208867,2,1.9335165886920909,0.005056920256693884,0.0002053904124487531
2025-01-01 23:15:00,0.0012093889683568097,0.006964908353972574,0.016,5.0,0.6233786325613734,0.5555555555555556,0.32111000911730553,440.69033278322013,2,0.5329660269295178,0.0016681112354406163,0.00018560297666724853
2025-01-01 23:30:00,0.0015993525561878168,0.007169723542289121,0.02381509396610701,7.44221686440844,0.7242758635105017,0.45646370210847703,1.5928975947072048,1394.4496490167253,2,2.2302166106301033,0.006305206868711769,0.0007995018268819451
2025-01-01 23:45:00,0.002775199483420281,0.01508915578198656,0.016,5.0,0.5144938302886873,0.5555555555555556,1.2202749150795926,864.0439994632818,1,2.397894460962893,0.008288366587267988,0.0018091101535115893
2025-01-02 00:00:00,0.0027489713459255415,0.016617833220451732,0.016,5.0,0.623570466060908,0.5555555555555556,1.7207370538279763,1013.6613804320867,1,2.786526089279136,0.00871984432984767,0.0023153012908039136
2025-01-02 00:15:00,0.004724897740913694,0.04273730804732304,0.016,5.0,0.7002636808663653,0.5555555555555556,1.1686898758334736,358.41128603509594,1,1.6934566757051965,0.0049096847631748645,0.003618688980720431
2025-01-02 00:30:00,0.0020250404567184565,0.019948594099568975,0.023018472332151114,7.193272603797223,0.5998584601384052,0.46491655597570847,-0.46895964485230407,786.7864874434163,1,1.5932744678723259,0.0050991548327344385,0.0015891792824395889
2025-01-02 00:45:00,0.0015992551986618942,0.010241130519314788,0.03236981668407447,10.115567713773274,0.3975210482552577,0.3818993700255199,-0.32425078915720595,1044.8311255541298,1,1.6709516092662005,0.006362042740433073,0.0008556216760977122
2025-01-02 01:00:00,0.004171736654241077,0.04727892047375569,0.029539353030256534,9.231047821955167,0.6409975408526563,0.40371944275866595,-2.2219247899408177,1678.039073403354,1,7.000337109765504,0.021540088931329682,0.016548419075104202
2025-01-02 01:15:00,0.000772557305944036,0.051014370915518185,0.02516494408686938,7.864045027146682,0.6870500298454992,0.4428213164956517,-0.150434569165267,602.7197362957229,1,0.4656355357119235,0.0013684329524356112,0.001187705196512704
2025-01-02 01:30:00,0.003204755450426857,0.03999407229128403,0.016,5.0,0.5820307433252696,0.5555555555555556,1.3352593537084563,724.6542142348435,1,2.3223395427439057,0.007556678682768823,0.004643990777870363
2025-01-02 01:45:00,0.003349330459862561,0.00949064401171351,0.018761897334976137,5.863092917180042,0.521456039075889,0.5159706148324514,2.5513059304624703,1472.1448210911408,1,4.930699490609478,0.016940068374307227,0.002339775679705585
2025-01-02 02:00:00,0.0020368285839161026,0.0030285254542097204,0.018433148937696795,5.760359043030248,0.7373102821219235,0.5203841098844542,0.8403982791404385,570.3298581503446,1,1.1616641573414381,0.0032388000039661633,0.00017590647348758156
2025-01-02 02:15:00,0.00010095875793561678,0.026304626470425075,0.01825644242692092,5.705138258412788,0.5479081515208609,0.5227877641316191,0.07650342200509055,1571.1925719870628,1,0.15862565054548103,0.0005323913918048995,0.00020862942431135292
2025-01-02 02:30:00,0.003897428922526325,0.13342727759516856,0.020187632130435118,6.308635040760975,0.6544816879601414,0.49766554882076497,2.5013440117043184,995.456712636872,1,3.8797217829539217,0.011780988330799373,0.025883035766310764
2025-01-02 02:45:00,0.002235335975698986,0.028417972271794493,0.021311307382447676,6.659783557014898,0.7230185008109392,0.48412895323902505,1.8378195540060194,1151.5614807959216,1,2.574126806252321,0.007287210118200193,0.0036575732102080683
2025-01-02 03:00:00,0.0022421312470833747,0.09049329941944609,0.022362413147387853,6.988254108558705,0.5867924217762207,0.4721166362835786,1.5322193951308956,1183.7611512546853,1,2.654147866311519,0.008598437768882219,0.012009129878480612
2025-01-02 03:15:00,0.0023984407559168126,0.08801575052883943,0.037614366069607184,11.754489396752247,0.4759529137757711,0.3471356427984796,0.765623290721601,691.889723296696,1,1.659456510954802,0.005927813069754671,0.0073029155140828085
2025-01-02 03:30:00,0.0033435789195049924,0.002745100137107839,0.0200095502395067,6.252984449845844,0.534815294302291,0.4998806505015736,2.1185440921366694,1194.9434097361975,1,3.9953875947953668,0.013566554796890215,0.000548386951713586
2025-01-02 03:45:00,0.001436402227658037,0.006362307757168262,0.02487353546862268,7.772979833944589,0.6437985714920295,0.44569699693006753,-0.2748459253296304,613.8151078428499,1,0.8816853882756278,0.0027055435609464056,0.00028047768926039686
2025-01-02 04:00:00,0.0018085976928967412,0.19180591642810677,0.01849849686014928,5.780780268796651,0.5556222304575724,0.5195008021391734,-0.3663058020191358,748.9484979505601,1,1.3545465254918627,0.004514884142202282,0.01299050188332373
2025-01-02 04:15:00,0.001555879320447989,0.04178213072855179,0.049186287033815695,15.370714698067406,0.4057276694941813,0.2890746252971306,0.7829054139546735,1279.3454830166377,1,1.9905071807341304,0.007529724385018576,0.004158381562077725
2025-01-02 04:30:00,0.003977090409717216,0.08638352671087415,0.029920665552200555,9.350207985062674,0.577216982256434,0.40063568421551976,2.5951639994943894,1146.6969778209516,1,4.560517553343422,0.014905363227711951,0.01969767949423259
2025-01-02 04:45:00,0.0018605739356479562,0.1115432875011351,0.04594604650456815,14.358139532677548,0.5858906930925711,0.3032782260664342,-0.5065302509899346,962.5175245804761,1,1.790835018838825,0.005806474382988344,0.009987781268671987
2025-01-02 05:00:00,0.002445302443798566,0.003951345053666076,0.046262156446177836,14.456923889430573,0.4648732549219864,0.3018314083430898,0.3982122147699204,370.63417536849465,1,0.9063126547838463,0.0032676017325001714,0.00017905770127775604
2025-01-02 05:15:00,0.0020184035267908993,0.014313645846525305,0.056512177906158166,17.66005559567443,0.5529854077188842,0.26139629726041663,0.5194692182814048,495.42085532518496,1,0.9999592016341172,0.0033409074677169096,0.0007156530936582472
2025-01-02 05:30:00,0.0031159617712525575,0.017201157000509216,0.052216622203230534,16.31769443850954,0.5081165841635276,0.27694455085030717,-0.883989093178426,1138.3545219524922,1,3.547069172536446,0.012328371847459323,0.003050684686423286
2025-01-02 05:45:00,0.0016500812906015874,0.009120265992830829,0.03920498692830769,12.251558415096156,0.45563026410442226,0.3378093812303064,1.00498578087815,1366.070281742558,1,2.2541270135502343,0.008189489608224753,0.0010279118972601757
2025-01-02 06:00:00,0.0019334783229682496,0.010536306976279023,0.03565285631808392,11.141517599401226,0.33789029265217796,0.3593705934101566,0.2774765407745015,445.1772477396214,1,0.8607405583832242,0.0034311951544070004,0.00045345133750297333
2025-01-02 06:15:00,0.0014373314439243218,0.021131140747905397,0.026175763971721052,8.179926241162828,0.5670293771239576,0.4331276470541645,0.45587493083794056,580.0873762739162,1,0.8337778261420594,0.002750559566458999,0.0008809338298345226
2025-01-02 06:30:00,0.004548632986315845,0.011060820579047727,0.0568051907633769,17.751622113555282,0.5272718881169299,0.26039906679766517,-1.259581824810021,1067.0925870888598,1,4.853812541085501,0.01659122599611615,0.002684357482063923
2025-01-02 06:45:00,0.0013757827399014065,0.005002544711636317,0.06507052507097276,20.33453908467899,0.5019899923312092,0.2350990543824006,0.6941800594800983,1056.3939313145468,1,1.4533685372391454,0.005078113303606429,0.0003635270545012148
2025-01-02 07:00:00,0.004601882876881466,0.08804208544250082,0.06453991447465943,20.168723273331075,0.5904452862470233,0.23657464198162798,0.46887849771060536,188.02139561947934,1,0.8652524409886377,0.002793609529356773,0.0038089314669427026
2025-01-02 07:15:00,0.0012365237409002218,0.003023072263628156,0.04772166029525832,14.913018842268226,0.5230509770786562,0.29532648657464095,0.6715468770166033,1080.7815067199945,1,1.3364119917851858,0.004585025164677306,0.00020200350125729272
2025-01-02 07:30:00,0.0031588616155281374,0.006304377946001128,0.07477979821632334,23.368686942601045,0.4898814334728271,0.21101543130902678,1.0436865170268328,700.8160948848906,1,2.213781061676206,0.00781543458871422,0.0006978256251253218
2025-01-02 07:45:00,0.004103774485654597,0.01854168134980467,0.060501845721207315,18.906826787877286,0.1927562121188279,0.24844150864892808,1.420720107391246,1820.523314864479,1,7.47101713008018,0.033034830762393504,0.006926260949243944
2025-01-02 08:00:00,0.003007769948197711,0.1476635755291045,0.06088808828906284,19.02752759033214,0.526789872564069,0.2472551944672955,-0.8652805263401621,1124.5992713678281,1,3.382535892185196,0.011567022506163092,0.024973867209779777
2025-01-02 08:15:00,0.004690838479461324,0.016547645067882217,0.06505195162260738,20.328734882064808,0.40860345591436936,0.23515039476982288,2.2833514724157946,1210.7367249379515,1,5.679370417835924,0.021435020948742833,0.004699010294168939
2025-01-02 08:30:00,0.002594297673645609,0.061846838862363,0.07507848508427348,23.462026588835464,0.4249193202705217,0.21035253119854466,1.3078454756406872,1223.6796510953054,1,3.1745892721240216,0.011826113413673019,0.009816915558362031
2025-01-02 08:45:00,0.004690514200263953,0.029464268061620717,0.062402553667329504,19.50079802104047,0.41916390190892283,0.2427109247213717,-0.3712795470462423,393.0363096737178,1,1.8435423917439138,0.006899472691945908,0.0027159313606652034
2025-01-02 09:00:00,0.003514719849629753,0.02675095501887362,0.07859844067693864,24.562012711543325,0.45836576611243807,0.20284296447984126,3.1250548073773743,1971.9384465543017,1,6.930811200352465,0.02512351624487165,0.009270290933246715
2025-01-02 09:15:00,0.002850409189128998,0.04850780979484553,0.08533760812333764,26.66800253854301,0.4871490044111929,0.1898657123159889,-0.10933714030940654,188.54437627441337,1,0.5374286226911833,0.0019017196579976508,0.001303474270390486
2025-01-02 09:30:00,0.0035366174807793856,0.04532739073232836,0.09406310559353541,29.39472049797982,0.4325071720767151,0.17534153481030162,2.0847257452148416,1397.8515708498712,1,4.943666301002579,0.018303818110400154,0.011204174703789416
2025-01-02 09:45:00,0.0042094478448812395,0.04952598196947977,0.0872912994507936,27.278531078373,0.4109709826041306,0.18640840499068137,-1.1075385455670839,1309.3319687403246,1,5.51156463404807,0.020762543770217617,0.013648282534474355
2025-01-02 10:00:00,0.002078858954486742,0.008031456402993626,0.07485700727199282,23.392814772497758,0.381165949354585,0.21084367486581182,0.57230194745793,761.49881004352,1,1.5830486200899703,0.006105030409996674,0.0006357092988035907
2025-01-02 10:15:00,0.0028157418390783538,0.010136251193577313,0.09120283110296591,28.500884719676847,0.1,0.17985153616710914,0.36432685608547966,1333.2251583566945,1,3.754017859296808,0.017643883938695,0.001902583400350391
2025-01-02 10:30:00,0.0025997440693184934,0.07369406176445129,0.08158662926075086,25.495821643984645,0.31905807698992283,0.1968763029695998,0.6663378878703552,841.213400588131,1,2.1869395492102357,0.0088414155648585,0.008058222910731017
2025-01-02 10:45:00,0.0021504917951221405,0.02122035396510397,0.08295506065070242,25.923456453344507,0.1,0.19425951355469914,-0.06665223593744711,662.2692775721109,0,1.4242046475802919,0.006693761843627372,0.0015111063370199973
2025-01-02 11:00:00,0.0024944856945253863,0.009699986529465169,0.08245340214451807,25.7666881701619,0.45960122216983207,0.19521069658368714,1.3719275497283465,1234.7795846764636,0,3.0801400098674363,0.011153791710369365,0.0014938658302290422
2025-01-02 11:15:00,0.0022866385250917493,0.026700857244340057,0.07895652202964605,24.673913134264392,0.3961369564396487,0.2021089624997963,-0.20817309929841057,496.719504456049,0,1.1358179550536844,0.004329271371915006,0.001516365653672334
2025-01-02 11:30:00,0.0029675495865157703,0.051617998230809065,0.09354574751386227,29.23304609808196,0.2843646783730733,0.17614045825501562,0.7176037146565769,887.8724206212152,0,2.6348054346932432,0.010926290373429709,0.006800169113326098
2025-01-02 11:45:00,0.002208722916862918,0.0013884450368412836,0.11142634436659804,34.82073261456189,0.2905946205991515,0.15217649167972286,0.4168852069446039,702.9116256350212,0,1.5525370160694394,0.006409208364894684,0.00010778061572369946
2025-01-02 12:00:00,0.0026896852882506758,0.009810223041396893,0.12375830401286374,38.67447000401992,0.2834024160528015,0.13912239809263724,0.5961945491325965,832.0102452135275,0,2.237845716224662,0.009286595932928866,0.0010976882804199257
2025-01-02 12:15:00,0.0031384917799152988,0.00818477038029859,0.09800146467248735,30.625457710152297,0.2783016113005733,0.16948942163989175,1.0302962613825415,1216.364299565092,0,3.8175493555674715,0.01590045636721568,0.0015622882445388308
2025-01-02 12:30:00,0.0027442666739908575,0.02452477216289186,0.11524757084715978,36.014865889737436,0.17196460199110128,0.1478769627781452,0.30995855152593743,702.8168138268969,0,1.9287167601055901,0.008648570770512577,0.002365066955417028
2025-01-02 12:45:00,0.0030292809524128097,0.035019042304269846,0.12669487712667876,39.59214910208711,0.14748371917415828,0.13633741267412458,-0.19128726472837038,903.8380434638177,0,2.737979369131004,0.012478474704510353,0.0047940707677908345
2025-01-02 13:00:00,0.002495682807660911,0.014050763554220516,0.09129092569225192,28.528414278828723,0.31396539806617946,0.17970917103614678,0.5549822858463971,748.4273740492092,0,1.8678373301974134,0.0075798777782921664,0.0013122270342175184
2025-01-02 13:15:00,0.00238622703940569,0.015185596412939314,0.11486519814967293,35.89537442177279,0.41630121293844896,0.14829622670931064,1.6550805283905623,1721.9983327872728,0,4.109078983508508,0.015413551222859097,0.0031199407536225557
2025-01-02 13:30:00,0.0018908529515547087,0.019441158715738552,0.16696449503291227,52.17640469778509,0.25297199495768463,0.10697218205242286,0.5151160941647029,1171.306199106945,0,2.2147677837556943,0.009393016244904406,0.0021528826001249485
2025-01-02 13:45:00,0.002343803924890372,0.01189273296142589,0.12725229701784344,39.76634281807607,0.3353205188282113,0.13582131080492743,-0.4128656167548152,1110.0348164833597,0,2.6017039596386624,0.010391305633442968,0.0015470685218333484
2025-01-02 14:00:00,0.0026762346024482983,0.005306461729322922,0.09572723083047689,29.91475963452403,0.37690271613593335,0.17282017254259727,1.3116799534835595,1341.7092523117121,0,3.5907287274616384,0.013893577406445347,0.0009527032286327789
2025-01-02 14:15:00,0.0021465822366144942,0.011122533285627225,0.25921467614582683,81.00458629557089,0.2029062355656254,0.07162947261967885,0.2520548003855259,702.9327116125567,0,1.508902872282773,0.006626016956466693,0.0008391411210871834
2025-01-02 14:30:00,0.0026358734206865233,0.009224658832560302,0.1267125615287023,39.59767547771947,0.29928190520933606,0.13632097886919706,1.0847206879956304,1429.62861249992,0,3.7683200611414924,0.015458230283696498,0.0017380733467961523
2025-01-02 14:45:00,0.002426100135330522,0.0276860848419401,0.11156867509114264,34.86521096598208,0.23393162024498468,0.1520118674611965,0.6358939372028904,1173.0888729163707,0,2.846031073337137,0.012232825385925697,0.003939772887960491
2025-01-02 15:00:00,0.0021178973604289515,0.006402171613344928,0.10906315777671528,34.08223680522352,0.4607692923349442,0.15496289060740978,0.16315830851411608,219.55454862296733,0,0.46499399899875243,0.0016822051274178096,0.00014884856903827763
2025-01-02 15:15:00,0.001763312417253105,0.0035193401086621575,0.10512784477754537,32.85245149298293,0.45624680676989604,0.15983652587924277,-0.09061801010322118,285.9845834496176,0,0.5042801671396676,0.0018311721877737495,8.873667091087444e-05
2025-01-02 15:30:00,0.0010443963501211946,0.011558959820823323,0.11300261774451187,35.31331804515996,0.2008800640082593,0.15037298016508602,-0.06315990073843357,713.8514736079671,0,0.7455438735647971,0.003278424664696,0.00043088558395982363
2025-01-02 15:45:00,0.0023618734671099475,0.00924610242837398,0.11001311421643956,34.379098192637365,0.3390861550613663,0.153830635628841,0.2333831681294957,339.49675206741495,0,0.8018483708780316,0.003193554811320402,0.00037069860845815434
2025-01-02 16:00:00,0.0009739848920174265,0.01794342176459573,0.11642163180829619,36.381759940092564,0.32974250356895013,0.14660431586175868,0.24312333684728576,880.8607696502085,0,0.8579450816101455,0.0034410225306463382,0.0007697235225095673
2025-01-02 16:15:00,0.0025589086292455944,0.0029779947230943312,0.10825487216400342,33.82964755125107,0.3869054122558524,0.1559394950269444,0.4443955761545519,493.13100429206804,0,1.2618771822315191,0.004844704576934978,0.00018789317949393036
2025-01-02 16:30:00,0.0010380549967027063,0.01659197782179565,0.12413836235893208,38.79323823716628,0.31141872526012554,0.13875556564321287,0.26731010699617397,951.1384734645407,2,0.9873340449360509,0.004014247295640529,0.0008190912288141372
2025-01-02 16:45:00,0.001723098312174025,0.005792745740697252,0.14179073786801755,44.309605583755484,0.43537517127282227,0.12361647065554027,-0.6064461880295999,1705.8546879657279,2,2.9393553336478937,0.010857609672783562,0.0008513469044692293
2025-01-02 17:00:00,0.0012037610707949405,0.0020272662001126016,0.10668962325254205,33.340507266419394,0.21599069211871513,0.15786612578468376,-0.1147044469632564,975.3115482219075,2,1.1740420736462747,0.005109463888041322,0.00011900479067066013
2025-01-02 17:15:00,0.0029970673043543403,0.06036786778278617,0.11811815327657046,36.911922898928275,0.2781197847399845,0.1448035578636185,-0.33467228010399963,848.5177725490356,1,2.5430648732702874,0.010593494400950192,0.007675970201631429
2025-01-02 17:30:00,0.001330532832497595,0.0011312502856977156,0.09172802117040364,28.66500661575114,0.2229141495135833,0.17900612389345646,0.33216842239760724,1194.121323892672,1,1.5888176274246952,0.00688157834667478,8.986751974728765e-05
2025-01-02 17:45:00,0.0012798257852481268,0.027847991331553537,0.10948874406334201,34.21523251979438,0.39143742318872676,0.15445357930274312,0.2819665555603555,651.7901035386983,1,0.8341777810783724,0.003191303702072038,0.0011615087808222538
2025-01-02 18:00:00,0.0004103597233593059,0.07862287783835707,0.10526623241776802,32.895697630552505,0.2294466498006984,0.15965994677080397,-0.05430270000585029,1421.7071546979998,1,0.5834113546998171,0.0025154714311244053,0.0022934739835037063
2025-01-02 18:15:00,0.0030483792444243106,0.004823856748044993,0.09017954369731969,28.1811074054124,0.23709519206182464,0.18152189897376145,0.8762493222537904,1247.606476562056,1,3.803177688361117,0.01631074300840391,0.0009172992178007465
2025-01-02 18:30:00,0.0013008116127736361,0.0033890843170555096,0.08592574992206985,26.85179685064683,0.3840226321282551,0.18881150253563567,-0.23710264566919934,1019.4327810242819,1,1.3260899999985092,0.00510270428327739,0.00022471154109995442
2025-01-02 18:45:00,0.0013476424721898727,0.022964605221386325,0.11053456755787852,34.54205236183704,0.3956068517254095,0.153216120252071,0.527694871779891,1077.157915816793,1,1.451623756610234,0.00553530187032401,0.0016667983250269905
2025-01-02 19:00:00,0.002624055465318721,0.005976664668955106,0.10849385132532408,33.90432853916378,0.23884226858456847,0.15564947111253968,-0.6174179450914984,2020.8729552814261,1,5.302882723021022,0.022714755996292347,0.0015846775907146097
2025-01-02 19:15:00,0.004473573676066053,0.016578375758110445,0.1250017153860671,39.063036058145975,0.4392368567824528,0.1379294027436158,2.8228144218718905,1471.156105133934,1,6.58132522531103,0.024234344310269097,0.005455384128576857
2025-01-02 19:30:00,0.0026851772873919934,0.1500528881131384,0.1123024376979101,35.0945117805969,0.3833964882880184,0.15116879437751984,-1.047041719193407,2099.763315580667,1,5.6382367638961135,0.021706143293238053,0.04230168551441436
2025-01-02 19:45:00,0.0017369552035982339,0.026920056855140543,0.09822004432606941,30.693763851896694,0.23414936801398228,0.1691760489011226,0.4889931437250431,1266.015096646226,1,2.1990115099535834,0.009450366083834602,0.0029598757436529463
2025-01-02 20:00:00,0.0024903808125784545,0.04994257018816482,0.10407415632515224,32.523173851610075,0.21427208786741356,0.16119392299220986,0.11769141214329161,264.15427866465586,1,0.6578447471469612,0.0028663504333434355,0.0016427228728651323
2025-01-02 20:15:00,0.002600267724693576,0.026520175875870834,0.09413024133294363,29.415700416544887,0.35041337550418233,0.17523839226498691,0.754565699909307,868.9131485680796,1,2.2594068157834513,0.00892185497204975,0.002995993306485921
2025-01-02 20:30:00,0.0023134796061502145,0.005595189910614314,0.08540122928019935,26.687884150062295,0.442179601997695,0.189751107615945,0.11497235979721264,149.89756272596685,1,0.3467849543781469,0.001273901072573581,9.701638389447263e-05
2025-01-02 20:45:00,0.0027208558508373466,0.004999791195920413,0.07579046693192731,23.684520916227285,0.4501351762684582,0.20878904384308755,1.5081196953920262,1264.1515173334592,1,3.439574052281652,0.01255305044447161,0.000859857603215705
2025-01-02 21:00:00,0.003491355439956305,0.048466616316048886,0.07798869924453779,24.37146851391806,0.40378734145568795,0.20410516880205312,-0.9458376899890935,1372.702098672701,1,4.792590939640371,0.01815739203559585,0.011614033311566106
2025-01-02 21:15:00,0.003130379948640271,0.0010831128484410655,0.07910278991742242,24.71962184919451,0.37885383203435863,0.20181066563983754,0.6280710835329922,557.0420020203604,1,1.7437531136749695,0.006736882920662028,9.443407009652366e-05
2025-01-02 21:30:00,0.0023393743883060787,0.017713843520306836,0.09240299117299328,28.8759347415604,0.4092199544187199,0.17793120798021378,-0.30134082414759644,672.1818101765734,1,1.5724849110122943,0.005931947944235744,0.00139273758258577
2025-01-02 21:45:00,0.0036407091422045214,0.003877488606097774,0.08441522299933914,26.37975718729348,0.30068946001708563,0.19154295154957035,-0.5728564113622246,1074.3754481176077,1,3.9114885161218536,0.016029012471282134,0.0007583376077072389
2025-01-02 22:00:00,0.002011630648459613,0.02905115411313805,0.0778697789319409,24.334305916231536,0.561330754823401,0.20435317437375733,0.40687684359067544,400.947968367891,1,0.8065592216064651,0.00267455661800993,0.0011715738124131042
2025-01-02 22:15:00,0.0034049342902362947,0.06429600625067379,0.08069879041087592,25.218372003398727,0.5666218846293735,0.1986121175676,0.6508565179920999,363.4201153787335,1,1.2374216126146802,0.004083657564410856,0.003978063386969616
2025-01-02 22:30:00,0.0029517791150608774,0.00929427347403779,0.0750366959989868,23.448967499683373,0.44888602978521475,0.21044502641604065,2.103095142371416,1619.3160240205605,1,4.779863220387308,0.017462474630188452,0.00222126779693873
2025-01-02 22:45:00,0.002050491819634825,0.014698598215132272,0.0701005990053232,21.9064371891635,0.43268617841567936,0.22197410695147976,0.9036123992901651,1057.3553090819842,1,2.1680984117200603,0.008026173410011531,0.0015934003722369793
2025-01-02 23:00:00,0.000798550790288634,0.036626255901719244,0.05080209016729441,15.875653177279503,0.3789337040958498,0.2824775363657074,0.19766355570054228,720.945321147022,1,0.5757114559568475,0.0022240878562958086,0.0010543077555713433
2025-01-02 23:15:00,0.0026341773426729153,0.022859309889087,0.07372538317257639,23.039182241430122,0.4802322705214009,0.21338936500450506,-0.07920819948758853,153.9405557213904,1,0.40550672399976406,0.0014433213756645151,0.00046348019330095397
2025-01-02 23:30:00,0.004637752171039586,0.028555186034789577,0.05599103248157899,17.497197650493433,0.365662600119031,0.26318894936515314,2.3852168716638653,1426.1756784472361,1,6.614249349002525,0.025815495900637007,0.009443556032062646
2025-01-02 23:45:00,0.0036795573436250143,0.03091142119289412,0.06845502488357232,21.392195276116347,0.22001875934588289,0.22610360492605952,0.514293017422467,657.7408938915154,1,2.4201953363210067,0.010503511555788915,0.0037405838705048336
2025-01-03 00:00:00,0.0011640894430471754,0.014407906575380878,0.06701033329980143,20.940729156187945,0.17869670501582058,0.22985775644702244,0.38749148624146995,1930.3422229352693,1,2.247091003187164,0.010030811741515098,0.0016187938620149777
2025-01-03 00:15:00,0.004285138852421198,0.08046728432079674,0.04684812938200703,14.6400404318772,0.37801996755907086,0.29918563443576685,2.2798725423655894,1429.6550488467224,1,6.126270395373216,0.02368379436851484,0.02464821708652882
2025-01-03 00:30:00,0.0018463303630613349,0.02413770460755316,0.060072764305995674,18.77273884562365,0.48159779657019847,0.2497728181778588,0.49843904679004025,595.9290727963655,1,1.1002819413349183,0.00391172963101596,0.0013279140242483697
2025-01-03 00:45:00,0.003898171070570224,0.014034923812767684,0.04519759890527424,14.1242496578982,0.5072679680433904,0.30675976317867243,-0.6208941667811468,642.2641514342641,1,2.503655534785382,0.008708204906493404,0.0017569307342063481
2025-01-03 01:00:00,0.002723891401747193,0.023417073404544603,0.06475398659972043,20.235620812412634,0.4336192319516354,0.2359771003393246,2.159215374772392,1860.925581472166,1,5.068959190663428,0.018750801380168162,0.005935009472620325
2025-01-03 01:15:00,0.00211694466612388,0.06659047534566684,0.04667063627197298,14.584573834991557,0.5048085142869999,0.29998213783970745,0.9930938200811549,957.8702765827477,1,2.0277583728504536,0.007067902789657282,0.006751469696713382
2025-01-03 01:30:00,0.003580803197923123,0.08727923713322995,0.061290047627615564,19.153139883629866,0.47163065675699534,0.24603257820217675,-0.6082435019364718,743.3443858383151,1,2.6617699539680384,0.009542732835262243,0.011615862550324148
2025-01-03 01:45:00,0.004341693997563263,0.00018599354394117722,0.040302648394767014,12.594577623364692,0.40764155663027274,0.33166039191299557,1.771163327828411,1013.860844238285,1,4.401873541793784,0.01662620796096963,4.093600300095638e-05
